run_id,runtime,framework,validity,image_digest,source_revision,load_hash,schedule_hash,harness_source_revision,runtime_version,framework_version,driver,driver_version,sqlite_version,workers,target_rps,window_start_seconds,window_end_seconds,expected_arrivals,started,completed,successful,goodput_rps,dropped,http_failures,validation_failures,checks_failed,client_p95_ms,service_p95_ms,db_p95_ms,cpu_millicores,working_set_bytes,memory_current_bytes,throttled_seconds,resource_coverage,window_coverage,generator_coverage,generator_headroom_flag,slo_status,slo_reasons
82915902-94ee-461f-ac28-efccaaf5510a,go,nethttp,valid,sha256:e962d30b8eb4ea59629daf39153a824b9d134da76f09e1874bca0caa05a0d3b6,5204a2af2364cd5f8cf8c567f5782ec896fef3d4,37e4296b93b4192b25560afcb6469e47fcdb7223cd065f408c979b1f6681e13e,d7b389c4d41356ed99336b6d76d3dae328bda23d52a4a20f6c29c15846a2d437,1f5486aeec5c4159dd175bd1b87e6d33269f2f14,1.27.1,stdlib,modernc.org/sqlite,1.60.1,3.53.4,1,300,20,180,48000,48000,48000,48000,300.0,0,0,0,0,78.97135000000003,0.729,0.656,205.78591582031177,163938189.8169983,168308691.1861145,0.0,1.0,1.0,0.999339400715373,True,pass,
82915902-94ee-461f-ac28-efccaaf5510a,go,nethttp,valid,sha256:e962d30b8eb4ea59629daf39153a824b9d134da76f09e1874bca0caa05a0d3b6,5204a2af2364cd5f8cf8c567f5782ec896fef3d4,37e4296b93b4192b25560afcb6469e47fcdb7223cd065f408c979b1f6681e13e,d7b389c4d41356ed99336b6d76d3dae328bda23d52a4a20f6c29c15846a2d437,1f5486aeec5c4159dd175bd1b87e6d33269f2f14,1.27.1,stdlib,modernc.org/sqlite,1.60.1,3.53.4,1,600,200,360,96000,96000,96000,96000,600.0,0,0,0,0,86.16705,0.685,0.618,355.3886892241179,169179288.46115112,173569263.59174195,0.0,1.0,1.0,0.999339400715373,True,pass,
82915902-94ee-461f-ac28-efccaaf5510a,go,nethttp,valid,sha256:e962d30b8eb4ea59629daf39153a824b9d134da76f09e1874bca0caa05a0d3b6,5204a2af2364cd5f8cf8c567f5782ec896fef3d4,37e4296b93b4192b25560afcb6469e47fcdb7223cd065f408c979b1f6681e13e,d7b389c4d41356ed99336b6d76d3dae328bda23d52a4a20f6c29c15846a2d437,1f5486aeec5c4159dd175bd1b87e6d33269f2f14,1.27.1,stdlib,modernc.org/sqlite,1.60.1,3.53.4,1,900,380,540,144000,144002,144002,144002,900.0125,0,0,0,0,92.20185000000004,0.668,0.603,459.63901071065175,170439700.50684205,174830612.50684205,0.0,1.0,1.0,0.999339400715373,True,pass,
82915902-94ee-461f-ac28-efccaaf5510a,go,nethttp,valid,sha256:e962d30b8eb4ea59629daf39153a824b9d134da76f09e1874bca0caa05a0d3b6,5204a2af2364cd5f8cf8c567f5782ec896fef3d4,37e4296b93b4192b25560afcb6469e47fcdb7223cd065f408c979b1f6681e13e,d7b389c4d41356ed99336b6d76d3dae328bda23d52a4a20f6c29c15846a2d437,1f5486aeec5c4159dd175bd1b87e6d33269f2f14,1.27.1,stdlib,modernc.org/sqlite,1.60.1,3.53.4,1,1200,560,720,192000,192001,192001,192001,1200.00625,0,0,0,0,98.484,0.653,0.589,543.9686214900377,171696400.81897584,176087312.81897584,0.0,1.0,1.0,0.999339400715373,True,pass,
82915902-94ee-461f-ac28-efccaaf5510a,go,nethttp,valid,sha256:e962d30b8eb4ea59629daf39153a824b9d134da76f09e1874bca0caa05a0d3b6,5204a2af2364cd5f8cf8c567f5782ec896fef3d4,37e4296b93b4192b25560afcb6469e47fcdb7223cd065f408c979b1f6681e13e,d7b389c4d41356ed99336b6d76d3dae328bda23d52a4a20f6c29c15846a2d437,1f5486aeec5c4159dd175bd1b87e6d33269f2f14,1.27.1,stdlib,modernc.org/sqlite,1.60.1,3.53.4,1,1500,740,900,240000,239993,239993,239993,1499.95625,0,0,0,0,111.585,0.601,0.54,488.8823304366525,172608135.22807616,177000538.12039185,0.0,1.0,1.0,0.999339400715373,True,pass,
5764683e-43c6-49ea-8f7b-9b2826288c61,node,express,valid,sha256:f75119bfea0ccc9f8173e7c1b72edc09e6213035f872b611b3f4b089158e00ec,5204a2af2364cd5f8cf8c567f5782ec896fef3d4,37e4296b93b4192b25560afcb6469e47fcdb7223cd065f408c979b1f6681e13e,d7b389c4d41356ed99336b6d76d3dae328bda23d52a4a20f6c29c15846a2d437,1f5486aeec5c4159dd175bd1b87e6d33269f2f14,v24.21.0,5.2.1,local_artifact,v24.21.0,3.53.4,1,300,20,180,48000,48000,48000,48000,300.0,0,0,0,0,24.027,0.535,0.49,298.7293694909233,77041168.53970337,81432134.02481079,1.6069181042040437,1.0,1.0,0.9988863991431736,True,pass,
5764683e-43c6-49ea-8f7b-9b2826288c61,node,express,valid,sha256:f75119bfea0ccc9f8173e7c1b72edc09e6213035f872b611b3f4b089158e00ec,5204a2af2364cd5f8cf8c567f5782ec896fef3d4,37e4296b93b4192b25560afcb6469e47fcdb7223cd065f408c979b1f6681e13e,d7b389c4d41356ed99336b6d76d3dae328bda23d52a4a20f6c29c15846a2d437,1f5486aeec5c4159dd175bd1b87e6d33269f2f14,v24.21.0,5.2.1,local_artifact,v24.21.0,3.53.4,1,600,200,360,96000,96001,96001,96001,600.00625,0,0,0,0,87.189,0.495,0.453,325.9551233542964,99164329.68112183,103563232.13752441,0.838351,1.0,1.0,0.9988863991431736,True,pass,
5764683e-43c6-49ea-8f7b-9b2826288c61,node,express,valid,sha256:f75119bfea0ccc9f8173e7c1b72edc09e6213035f872b611b3f4b089158e00ec,5204a2af2364cd5f8cf8c567f5782ec896fef3d4,37e4296b93b4192b25560afcb6469e47fcdb7223cd065f408c979b1f6681e13e,d7b389c4d41356ed99336b6d76d3dae328bda23d52a4a20f6c29c15846a2d437,1f5486aeec5c4159dd175bd1b87e6d33269f2f14,v24.21.0,5.2.1,local_artifact,v24.21.0,3.53.4,1,900,380,540,144000,144001,144001,144001,900.00625,0,0,0,0,87.151,0.472,0.431,427.3717736704052,100456404.10012817,104859604.10012817,0.658714,1.0,1.0,0.9988863991431736,True,pass,
5764683e-43c6-49ea-8f7b-9b2826288c61,node,express,valid,sha256:f75119bfea0ccc9f8173e7c1b72edc09e6213035f872b611b3f4b089158e00ec,5204a2af2364cd5f8cf8c567f5782ec896fef3d4,37e4296b93b4192b25560afcb6469e47fcdb7223cd065f408c979b1f6681e13e,d7b389c4d41356ed99336b6d76d3dae328bda23d52a4a20f6c29c15846a2d437,1f5486aeec5c4159dd175bd1b87e6d33269f2f14,v24.21.0,5.2.1,local_artifact,v24.21.0,3.53.4,1,1200,560,720,192000,191996,191996,191996,1199.975,0,0,0,0,87.8495,0.377,0.342,442.80159709688894,101017663.3708374,105420863.3708374,1.2706819999999996,1.0,1.0,0.9988863991431736,True,pass,
5764683e-43c6-49ea-8f7b-9b2826288c61,node,express,valid,sha256:f75119bfea0ccc9f8173e7c1b72edc09e6213035f872b611b3f4b089158e00ec,5204a2af2364cd5f8cf8c567f5782ec896fef3d4,37e4296b93b4192b25560afcb6469e47fcdb7223cd065f408c979b1f6681e13e,d7b389c4d41356ed99336b6d76d3dae328bda23d52a4a20f6c29c15846a2d437,1f5486aeec5c4159dd175bd1b87e6d33269f2f14,v24.21.0,5.2.1,local_artifact,v24.21.0,3.53.4,1,1500,740,900,240000,239999,239999,239999,1499.99375,0,0,0,0,91.1661,0.309,0.28,451.58754049917314,101964446.51242065,106371556.88632202,0.504716,1.0,1.0,0.9988863991431736,True,pass,
62043e17-7ca9-478e-a845-7c68ba26d3d9,bun,native,valid,sha256:b6eb7fb56cf440fd6f3e50c65d0e844e4f70eef6bec6ca8a9030aa53e31a3150,5204a2af2364cd5f8cf8c567f5782ec896fef3d4,37e4296b93b4192b25560afcb6469e47fcdb7223cd065f408c979b1f6681e13e,d7b389c4d41356ed99336b6d76d3dae328bda23d52a4a20f6c29c15846a2d437,1f5486aeec5c4159dd175bd1b87e6d33269f2f14,1.4.2,1.4.2,bun:sqlite,1.4.2,3.53.2,1,300,20,180,48000,48000,48000,47749,298.43125,0,251,0,251,81.50330000000007,0.374,0.349,142.5620622815337,27723088.79348755,32109904.79348755,0.0,1.0,1.0,0.9988835886739196,True,pass,
62043e17-7ca9-478e-a845-7c68ba26d3d9,bun,native,valid,sha256:b6eb7fb56cf440fd6f3e50c65d0e844e4f70eef6bec6ca8a9030aa53e31a3150,5204a2af2364cd5f8cf8c567f5782ec896fef3d4,37e4296b93b4192b25560afcb6469e47fcdb7223cd065f408c979b1f6681e13e,d7b389c4d41356ed99336b6d76d3dae328bda23d52a4a20f6c29c15846a2d437,1f5486aeec5c4159dd175bd1b87e6d33269f2f14,1.4.2,1.4.2,bun:sqlite,1.4.2,3.53.2,1,600,200,360,96000,96000,96000,96000,600.0,0,0,0,0,88.30115,0.361,0.338,232.2926007072811,28619811.225402832,33010723.225402832,0.0,1.0,1.0,0.9988835886739196,True,pass,
62043e17-7ca9-478e-a845-7c68ba26d3d9,bun,native,valid,sha256:b6eb7fb56cf440fd6f3e50c65d0e844e4f70eef6bec6ca8a9030aa53e31a3150,5204a2af2364cd5f8cf8c567f5782ec896fef3d4,37e4296b93b4192b25560afcb6469e47fcdb7223cd065f408c979b1f6681e13e,d7b389c4d41356ed99336b6d76d3dae328bda23d52a4a20f6c29c15846a2d437,1f5486aeec5c4159dd175bd1b87e6d33269f2f14,1.4.2,1.4.2,bun:sqlite,1.4.2,3.53.2,1,900,380,540,144000,144001,144001,144001,900.00625,0,0,0,0,86.894,0.345,0.324,306.66969155537623,28833061.701538086,33223973.701538086,0.0,1.0,1.0,0.9988835886739196,True,pass,
62043e17-7ca9-478e-a845-7c68ba26d3d9,bun,native,valid,sha256:b6eb7fb56cf440fd6f3e50c65d0e844e4f70eef6bec6ca8a9030aa53e31a3150,5204a2af2364cd5f8cf8c567f5782ec896fef3d4,37e4296b93b4192b25560afcb6469e47fcdb7223cd065f408c979b1f6681e13e,d7b389c4d41356ed99336b6d76d3dae328bda23d52a4a20f6c29c15846a2d437,1f5486aeec5c4159dd175bd1b87e6d33269f2f14,1.4.2,1.4.2,bun:sqlite,1.4.2,3.53.2,1,1200,560,720,192000,192001,192001,192001,1200.00625,0,0,0,0,87.549,0.324,0.306,342.88068153845626,29003392.210595705,33394304.210595705,0.0,1.0,1.0,0.9988835886739196,True,pass,
62043e17-7ca9-478e-a845-7c68ba26d3d9,bun,native,valid,sha256:b6eb7fb56cf440fd6f3e50c65d0e844e4f70eef6bec6ca8a9030aa53e31a3150,5204a2af2364cd5f8cf8c567f5782ec896fef3d4,37e4296b93b4192b25560afcb6469e47fcdb7223cd065f408c979b1f6681e13e,d7b389c4d41356ed99336b6d76d3dae328bda23d52a4a20f6c29c15846a2d437,1f5486aeec5c4159dd175bd1b87e6d33269f2f14,1.4.2,1.4.2,bun:sqlite,1.4.2,3.53.2,1,1500,740,900,240000,240002,240002,240002,1500.0125,0,0,0,0,82.599,0.323,0.30595000000001166,420.8282779496697,29046279.878472902,33437191.878472902,0.0,1.0,1.0,0.9988835886739196,True,pass,
470b6b71-5cb2-4c32-ae2d-9bb623f9d7d5,rust,axum,valid,sha256:710d4b67bb155ac2a04282b888e9503b60a29d6d4cdcab0b70bc06e1fb55ba48,5204a2af2364cd5f8cf8c567f5782ec896fef3d4,37e4296b93b4192b25560afcb6469e47fcdb7223cd065f408c979b1f6681e13e,d7b389c4d41356ed99336b6d76d3dae328bda23d52a4a20f6c29c15846a2d437,1f5486aeec5c4159dd175bd1b87e6d33269f2f14,local_artifact,0.8.9,rusqlite,0.40.2,3.53.2,1,300,20,180,48000,48000,48000,48000,300.0,0,0,0,0,77.1192,1.668,1.658,139.6987525176139,87707768.20402832,92078252.17166138,0.0,1.0,1.0,0.9992102904843704,False,pass,
470b6b71-5cb2-4c32-ae2d-9bb623f9d7d5,rust,axum,valid,sha256:710d4b67bb155ac2a04282b888e9503b60a29d6d4cdcab0b70bc06e1fb55ba48,5204a2af2364cd5f8cf8c567f5782ec896fef3d4,37e4296b93b4192b25560afcb6469e47fcdb7223cd065f408c979b1f6681e13e,d7b389c4d41356ed99336b6d76d3dae328bda23d52a4a20f6c29c15846a2d437,1f5486aeec5c4159dd175bd1b87e6d33269f2f14,local_artifact,0.8.9,rusqlite,0.40.2,3.53.2,1,600,200,360,96000,95988,95988,95988,599.925,0,0,0,0,76.89479999999993,2.603,2.593,243.76340645171913,95062125.76763305,99448257.85709839,0.0,1.0,1.0,0.9992102904843704,False,pass,
470b6b71-5cb2-4c32-ae2d-9bb623f9d7d5,rust,axum,valid,sha256:710d4b67bb155ac2a04282b888e9503b60a29d6d4cdcab0b70bc06e1fb55ba48,5204a2af2364cd5f8cf8c567f5782ec896fef3d4,37e4296b93b4192b25560afcb6469e47fcdb7223cd065f408c979b1f6681e13e,d7b389c4d41356ed99336b6d76d3dae328bda23d52a4a20f6c29c15846a2d437,1f5486aeec5c4159dd175bd1b87e6d33269f2f14,local_artifact,0.8.9,rusqlite,0.40.2,3.53.2,1,900,380,540,144000,144000,144000,144000,900.0,0,0,0,0,84.97404999999999,4.504,4.494,304.68540629025864,97563178.89350586,101949994.89350586,0.0,1.0,1.0,0.9992102904843704,False,pass,
470b6b71-5cb2-4c32-ae2d-9bb623f9d7d5,rust,axum,valid,sha256:710d4b67bb155ac2a04282b888e9503b60a29d6d4cdcab0b70bc06e1fb55ba48,5204a2af2364cd5f8cf8c567f5782ec896fef3d4,37e4296b93b4192b25560afcb6469e47fcdb7223cd065f408c979b1f6681e13e,d7b389c4d41356ed99336b6d76d3dae328bda23d52a4a20f6c29c15846a2d437,1f5486aeec5c4159dd175bd1b87e6d33269f2f14,local_artifact,0.8.9,rusqlite,0.40.2,3.53.2,1,1200,560,720,192000,192000,192000,192000,1200.0,0,0,0,0,78.64809999999997,4.902,4.892,389.18141922333564,98610229.3682312,102997045.3682312,0.0,1.0,1.0,0.9992102904843704,False,pass,
470b6b71-5cb2-4c32-ae2d-9bb623f9d7d5,rust,axum,valid,sha256:710d4b67bb155ac2a04282b888e9503b60a29d6d4cdcab0b70bc06e1fb55ba48,5204a2af2364cd5f8cf8c567f5782ec896fef3d4,37e4296b93b4192b25560afcb6469e47fcdb7223cd065f408c979b1f6681e13e,d7b389c4d41356ed99336b6d76d3dae328bda23d52a4a20f6c29c15846a2d437,1f5486aeec5c4159dd175bd1b87e6d33269f2f14,local_artifact,0.8.9,rusqlite,0.40.2,3.53.2,1,1500,740,900,240000,240000,240000,240000,1500.0,0,0,0,0,79.81004999999999,5.763,5.753,447.4395638827708,98783075.07824096,103169891.07824096,0.0,1.0,1.0,0.9992102904843704,False,pass,
6a81f7f8-1861-4201-888b-d4ff752ea4c0,python,fastapi,valid,sha256:88b02bca0e54be5c169ffbe0da03b8f183ed16f35812398ef582446fe05731cc,5204a2af2364cd5f8cf8c567f5782ec896fef3d4,37e4296b93b4192b25560afcb6469e47fcdb7223cd065f408c979b1f6681e13e,d7b389c4d41356ed99336b6d76d3dae328bda23d52a4a20f6c29c15846a2d437,1f5486aeec5c4159dd175bd1b87e6d33269f2f14,3.14.8,0.142.2,sqlite3,3.14.8,3.46.1,1,300,20,180,48000,48000,48000,48000,300.0,0,0,0,0,63.22850000000003,18.229150000000008,18.191,580.1929925996179,75213723.97617798,79600614.6814148,0.11670900000000001,1.0,1.0,0.9988885292897096,False,pass,
6a81f7f8-1861-4201-888b-d4ff752ea4c0,python,fastapi,valid,sha256:88b02bca0e54be5c169ffbe0da03b8f183ed16f35812398ef582446fe05731cc,5204a2af2364cd5f8cf8c567f5782ec896fef3d4,37e4296b93b4192b25560afcb6469e47fcdb7223cd065f408c979b1f6681e13e,d7b389c4d41356ed99336b6d76d3dae328bda23d52a4a20f6c29c15846a2d437,1f5486aeec5c4159dd175bd1b87e6d33269f2f14,3.14.8,0.142.2,sqlite3,3.14.8,3.46.1,1,600,200,360,96000,96000,96000,95978,599.8625,0,22,0,22,164.383,37.33459999999998,37.292,786.0991145946325,103341876.50287476,107732788.50287476,7.193702389366041,1.0,1.0,0.9988885292897096,False,pass,
6a81f7f8-1861-4201-888b-d4ff752ea4c0,python,fastapi,valid,sha256:88b02bca0e54be5c169ffbe0da03b8f183ed16f35812398ef582446fe05731cc,5204a2af2364cd5f8cf8c567f5782ec896fef3d4,37e4296b93b4192b25560afcb6469e47fcdb7223cd065f408c979b1f6681e13e,d7b389c4d41356ed99336b6d76d3dae328bda23d52a4a20f6c29c15846a2d437,1f5486aeec5c4159dd175bd1b87e6d33269f2f14,3.14.8,0.142.2,sqlite3,3.14.8,3.46.1,1,900,380,540,144000,144000,144000,144000,900.0,0,0,0,0,179.8397999999998,44.634099999999975,44.591,837.4964031881134,108372352.99071655,112763264.99071655,12.156060247539141,1.0,1.0,0.9988885292897096,False,pass,
6a81f7f8-1861-4201-888b-d4ff752ea4c0,python,fastapi,valid,sha256:88b02bca0e54be5c169ffbe0da03b8f183ed16f35812398ef582446fe05731cc,5204a2af2364cd5f8cf8c567f5782ec896fef3d4,37e4296b93b4192b25560afcb6469e47fcdb7223cd065f408c979b1f6681e13e,d7b389c4d41356ed99336b6d76d3dae328bda23d52a4a20f6c29c15846a2d437,1f5486aeec5c4159dd175bd1b87e6d33269f2f14,3.14.8,0.142.2,sqlite3,3.14.8,3.46.1,1,1200,560,720,192000,192001,192001,29667,185.41875,0,162334,0,162334,2000.22,79.54600000000003,79.489,641.7106401968497,214240672.43684083,218631584.43684083,15.252653072891976,1.0,1.0,0.9988885292897096,False,fail,goodput;http_errors;latency
6a81f7f8-1861-4201-888b-d4ff752ea4c0,python,fastapi,valid,sha256:88b02bca0e54be5c169ffbe0da03b8f183ed16f35812398ef582446fe05731cc,5204a2af2364cd5f8cf8c567f5782ec896fef3d4,37e4296b93b4192b25560afcb6469e47fcdb7223cd065f408c979b1f6681e13e,d7b389c4d41356ed99336b6d76d3dae328bda23d52a4a20f6c29c15846a2d437,1f5486aeec5c4159dd175bd1b87e6d33269f2f14,3.14.8,0.142.2,sqlite3,3.14.8,3.46.1,1,1500,740,900,240000,141975,141975,11889,74.30625,95129,130086,0,130086,2000.183,81.95800000000003,81.87760000000002,285.28504130091727,311147016.5954895,315537928.5954895,5.9307219999999985,1.0,1.0,0.9988885292897096,False,fail,schedule_delivery;goodput;http_errors;latency
7e57f571-2a63-413f-b747-cb3f521d3f2c,elixir,plug,invalid,sha256:024c304e14fea81a3725089401e01cb6b6bdf9b9f75ebde9b61b5a23bfec71f5,5204a2af2364cd5f8cf8c567f5782ec896fef3d4,37e4296b93b4192b25560afcb6469e47fcdb7223cd065f408c979b1f6681e13e,d7b389c4d41356ed99336b6d76d3dae328bda23d52a4a20f6c29c15846a2d437,1f5486aeec5c4159dd175bd1b87e6d33269f2f14,1.20.4,1.20.3,exqlite,0.42.0,3.53.4,1,300,20,180,48000,48000,48000,48000,300.0,0,0,0,0,55.31505,26.81005,26.685350000000017,991.3715712658011,377178305.90224,381573372.02600706,52.9938500933842,0.8206194615364075,1.0,0.9988860441816352,True,pass,
7e57f571-2a63-413f-b747-cb3f521d3f2c,elixir,plug,invalid,sha256:024c304e14fea81a3725089401e01cb6b6bdf9b9f75ebde9b61b5a23bfec71f5,5204a2af2364cd5f8cf8c567f5782ec896fef3d4,37e4296b93b4192b25560afcb6469e47fcdb7223cd065f408c979b1f6681e13e,d7b389c4d41356ed99336b6d76d3dae328bda23d52a4a20f6c29c15846a2d437,1f5486aeec5c4159dd175bd1b87e6d33269f2f14,1.20.4,1.20.3,exqlite,0.42.0,3.53.4,1,600,200,360,96000,96001,96001,0,0.0,0,96001,0,96001,1997.194,,,989.2624673622292,291429200.29355466,295843105.5773193,14.921533679837326,0.8206194615364075,1.0,0.9988860441816352,True,fail,goodput;http_errors;latency
7e57f571-2a63-413f-b747-cb3f521d3f2c,elixir,plug,invalid,sha256:024c304e14fea81a3725089401e01cb6b6bdf9b9f75ebde9b61b5a23bfec71f5,5204a2af2364cd5f8cf8c567f5782ec896fef3d4,37e4296b93b4192b25560afcb6469e47fcdb7223cd065f408c979b1f6681e13e,d7b389c4d41356ed99336b6d76d3dae328bda23d52a4a20f6c29c15846a2d437,1f5486aeec5c4159dd175bd1b87e6d33269f2f14,1.20.4,1.20.3,exqlite,0.42.0,3.53.4,1,900,380,540,144000,144000,144000,0,0.0,0,144000,0,144000,1996.49,,,990.8178296108372,346005938.4321472,350421426.4321472,12.886522830277237,0.8206194615364075,1.0,0.9988860441816352,True,fail,goodput;http_errors;latency
7e57f571-2a63-413f-b747-cb3f521d3f2c,elixir,plug,invalid,sha256:024c304e14fea81a3725089401e01cb6b6bdf9b9f75ebde9b61b5a23bfec71f5,5204a2af2364cd5f8cf8c567f5782ec896fef3d4,37e4296b93b4192b25560afcb6469e47fcdb7223cd065f408c979b1f6681e13e,d7b389c4d41356ed99336b6d76d3dae328bda23d52a4a20f6c29c15846a2d437,1f5486aeec5c4159dd175bd1b87e6d33269f2f14,1.20.4,1.20.3,exqlite,0.42.0,3.53.4,1,1200,560,720,192000,192001,192001,0,0.0,0,192001,0,192001,1996.22,,,994.8302302989516,451293438.08555907,455708926.08555907,12.617021533790288,0.8206194615364075,1.0,0.9988860441816352,True,fail,goodput;http_errors;latency
7e57f571-2a63-413f-b747-cb3f521d3f2c,elixir,plug,invalid,sha256:024c304e14fea81a3725089401e01cb6b6bdf9b9f75ebde9b61b5a23bfec71f5,5204a2af2364cd5f8cf8c567f5782ec896fef3d4,37e4296b93b4192b25560afcb6469e47fcdb7223cd065f408c979b1f6681e13e,d7b389c4d41356ed99336b6d76d3dae328bda23d52a4a20f6c29c15846a2d437,1f5486aeec5c4159dd175bd1b87e6d33269f2f14,1.20.4,1.20.3,exqlite,0.42.0,3.53.4,1,1500,740,900,240000,128866,128866,2435,15.21875,97150,126431,0,126431,1996.0635,1720.1605000000002,1720.1474,,,,,0.8206194615364075,0,0.9988860441816352,True,fail,schedule_delivery;goodput;http_errors;latency
9b2d5acd-22bb-4b09-9bff-9b6335acc981,go,chi,valid,sha256:e962d30b8eb4ea59629daf39153a824b9d134da76f09e1874bca0caa05a0d3b6,5204a2af2364cd5f8cf8c567f5782ec896fef3d4,37e4296b93b4192b25560afcb6469e47fcdb7223cd065f408c979b1f6681e13e,d7b389c4d41356ed99336b6d76d3dae328bda23d52a4a20f6c29c15846a2d437,1f5486aeec5c4159dd175bd1b87e6d33269f2f14,1.27.1,5.3.2,modernc.org/sqlite,1.60.1,3.53.4,1,300,20,180,48000,48000,48000,48000,300.0,0,0,0,0,6.805050000000002,0.725,0.653,223.0023206238256,168521310.95494384,172891811.22071534,0.0,1.0,1.0,0.9988813744001273,True,pass,
9b2d5acd-22bb-4b09-9bff-9b6335acc981,go,chi,valid,sha256:e962d30b8eb4ea59629daf39153a824b9d134da76f09e1874bca0caa05a0d3b6,5204a2af2364cd5f8cf8c567f5782ec896fef3d4,37e4296b93b4192b25560afcb6469e47fcdb7223cd065f408c979b1f6681e13e,d7b389c4d41356ed99336b6d76d3dae328bda23d52a4a20f6c29c15846a2d437,1f5486aeec5c4159dd175bd1b87e6d33269f2f14,1.27.1,5.3.2,modernc.org/sqlite,1.60.1,3.53.4,1,600,200,360,96000,96000,96000,96000,600.0,0,0,0,0,7.78,0.696,0.627,399.1612909096041,171815646.41887817,176205713.42437133,0.0,1.0,1.0,0.9988813744001273,True,pass,
9b2d5acd-22bb-4b09-9bff-9b6335acc981,go,chi,valid,sha256:e962d30b8eb4ea59629daf39153a824b9d134da76f09e1874bca0caa05a0d3b6,5204a2af2364cd5f8cf8c567f5782ec896fef3d4,37e4296b93b4192b25560afcb6469e47fcdb7223cd065f408c979b1f6681e13e,d7b389c4d41356ed99336b6d76d3dae328bda23d52a4a20f6c29c15846a2d437,1f5486aeec5c4159dd175bd1b87e6d33269f2f14,1.27.1,5.3.2,modernc.org/sqlite,1.60.1,3.53.4,1,900,380,540,144000,144000,144000,144000,900.0,0,0,0,0,10.131049999999988,0.684,0.617,548.3153972612224,172239495.28068846,176630407.28068846,0.0,1.0,1.0,0.9988813744001273,True,pass,
9b2d5acd-22bb-4b09-9bff-9b6335acc981,go,chi,valid,sha256:e962d30b8eb4ea59629daf39153a824b9d134da76f09e1874bca0caa05a0d3b6,5204a2af2364cd5f8cf8c567f5782ec896fef3d4,37e4296b93b4192b25560afcb6469e47fcdb7223cd065f408c979b1f6681e13e,d7b389c4d41356ed99336b6d76d3dae328bda23d52a4a20f6c29c15846a2d437,1f5486aeec5c4159dd175bd1b87e6d33269f2f14,1.27.1,5.3.2,modernc.org/sqlite,1.60.1,3.53.4,1,1200,560,720,192000,192000,192000,192000,1200.0,0,0,0,0,8.6,0.675,0.61,677.1487130471979,172749349.02034912,177143721.25248414,0.0,1.0,1.0,0.9988813744001273,True,pass,
9b2d5acd-22bb-4b09-9bff-9b6335acc981,go,chi,valid,sha256:e962d30b8eb4ea59629daf39153a824b9d134da76f09e1874bca0caa05a0d3b6,5204a2af2364cd5f8cf8c567f5782ec896fef3d4,37e4296b93b4192b25560afcb6469e47fcdb7223cd065f408c979b1f6681e13e,d7b389c4d41356ed99336b6d76d3dae328bda23d52a4a20f6c29c15846a2d437,1f5486aeec5c4159dd175bd1b87e6d33269f2f14,1.27.1,5.3.2,modernc.org/sqlite,1.60.1,3.53.4,1,1500,740,900,240000,239999,239999,239999,1499.99375,0,0,0,0,10.755,0.639,0.575,706.3141865722953,173398557.81831056,177793565.81831056,0.0,1.0,1.0,0.9988813744001273,True,pass,
a81c20c9-c822-4948-937d-e853b0cde60b,node,fastify,valid,sha256:f75119bfea0ccc9f8173e7c1b72edc09e6213035f872b611b3f4b089158e00ec,5204a2af2364cd5f8cf8c567f5782ec896fef3d4,37e4296b93b4192b25560afcb6469e47fcdb7223cd065f408c979b1f6681e13e,d7b389c4d41356ed99336b6d76d3dae328bda23d52a4a20f6c29c15846a2d437,1f5486aeec5c4159dd175bd1b87e6d33269f2f14,v24.21.0,5.12.5,local_artifact,v24.21.0,3.53.4,1,300,20,180,48000,48000,48000,48000,300.0,0,0,0,0,6.406,0.573,0.523,227.67205976524718,98662369.21916504,103032868.96680298,0.592496,1.0,1.0,0.9988864010169984,False,pass,
a81c20c9-c822-4948-937d-e853b0cde60b,node,fastify,valid,sha256:f75119bfea0ccc9f8173e7c1b72edc09e6213035f872b611b3f4b089158e00ec,5204a2af2364cd5f8cf8c567f5782ec896fef3d4,37e4296b93b4192b25560afcb6469e47fcdb7223cd065f408c979b1f6681e13e,d7b389c4d41356ed99336b6d76d3dae328bda23d52a4a20f6c29c15846a2d437,1f5486aeec5c4159dd175bd1b87e6d33269f2f14,v24.21.0,5.12.5,local_artifact,v24.21.0,3.53.4,1,600,200,360,96000,96001,96001,96001,600.00625,0,0,0,0,9.523,0.524,0.48,377.254913127858,100257203.86082153,104647270.95388794,1.2275978452910112,1.0,1.0,0.9988864010169984,False,pass,
a81c20c9-c822-4948-937d-e853b0cde60b,node,fastify,valid,sha256:f75119bfea0ccc9f8173e7c1b72edc09e6213035f872b611b3f4b089158e00ec,5204a2af2364cd5f8cf8c567f5782ec896fef3d4,37e4296b93b4192b25560afcb6469e47fcdb7223cd065f408c979b1f6681e13e,d7b389c4d41356ed99336b6d76d3dae328bda23d52a4a20f6c29c15846a2d437,1f5486aeec5c4159dd175bd1b87e6d33269f2f14,v24.21.0,5.12.5,local_artifact,v24.21.0,3.53.4,1,900,380,540,144000,143999,143999,143999,899.99375,0,0,0,0,8.778,0.493,0.451,488.31281728349995,100466335.88362427,104857247.88362427,0.73115,1.0,1.0,0.9988864010169984,False,pass,
a81c20c9-c822-4948-937d-e853b0cde60b,node,fastify,valid,sha256:f75119bfea0ccc9f8173e7c1b72edc09e6213035f872b611b3f4b089158e00ec,5204a2af2364cd5f8cf8c567f5782ec896fef3d4,37e4296b93b4192b25560afcb6469e47fcdb7223cd065f408c979b1f6681e13e,d7b389c4d41356ed99336b6d76d3dae328bda23d52a4a20f6c29c15846a2d437,1f5486aeec5c4159dd175bd1b87e6d33269f2f14,v24.21.0,5.12.5,local_artifact,v24.21.0,3.53.4,1,1200,560,720,192000,191999,191999,191999,1199.99375,0,0,0,0,10.317400000000024,0.39,0.355,501.58211225164376,101438332.29521485,105829244.29521485,1.7027499999999995,1.0,1.0,0.9988864010169984,False,pass,
a81c20c9-c822-4948-937d-e853b0cde60b,node,fastify,valid,sha256:f75119bfea0ccc9f8173e7c1b72edc09e6213035f872b611b3f4b089158e00ec,5204a2af2364cd5f8cf8c567f5782ec896fef3d4,37e4296b93b4192b25560afcb6469e47fcdb7223cd065f408c979b1f6681e13e,d7b389c4d41356ed99336b6d76d3dae328bda23d52a4a20f6c29c15846a2d437,1f5486aeec5c4159dd175bd1b87e6d33269f2f14,v24.21.0,5.12.5,local_artifact,v24.21.0,3.53.4,1,1500,740,900,240000,240000,240000,240000,1500.0,0,0,0,0,8.539,0.322,0.294,512.6905313502837,102120683.68323365,106511595.68323365,0.5081129999999999,1.0,1.0,0.9988864010169984,False,pass,
8ed388e7-76a5-4efe-9f4c-2a7b07ee0d0a,bun,hono,valid,sha256:b6eb7fb56cf440fd6f3e50c65d0e844e4f70eef6bec6ca8a9030aa53e31a3150,5204a2af2364cd5f8cf8c567f5782ec896fef3d4,37e4296b93b4192b25560afcb6469e47fcdb7223cd065f408c979b1f6681e13e,d7b389c4d41356ed99336b6d76d3dae328bda23d52a4a20f6c29c15846a2d437,1f5486aeec5c4159dd175bd1b87e6d33269f2f14,1.4.2,4.13.12,bun:sqlite,1.4.2,3.53.2,1,300,20,180,48000,48000,48000,47853,299.08125,0,147,0,147,8.514,0.386,0.36,169.29977400919057,30382836.74963989,34749172.74963989,0.0,1.0,1.0,0.9992244543328374,False,pass,
8ed388e7-76a5-4efe-9f4c-2a7b07ee0d0a,bun,hono,valid,sha256:b6eb7fb56cf440fd6f3e50c65d0e844e4f70eef6bec6ca8a9030aa53e31a3150,5204a2af2364cd5f8cf8c567f5782ec896fef3d4,37e4296b93b4192b25560afcb6469e47fcdb7223cd065f408c979b1f6681e13e,d7b389c4d41356ed99336b6d76d3dae328bda23d52a4a20f6c29c15846a2d437,1f5486aeec5c4159dd175bd1b87e6d33269f2f14,1.4.2,4.13.12,bun:sqlite,1.4.2,3.53.2,1,600,200,360,96000,96000,96000,96000,600.0,0,0,0,0,6.692,0.376,0.354,279.556720824863,30681041.04446411,35051473.04446411,0.0,1.0,1.0,0.9992244543328374,False,pass,
8ed388e7-76a5-4efe-9f4c-2a7b07ee0d0a,bun,hono,valid,sha256:b6eb7fb56cf440fd6f3e50c65d0e844e4f70eef6bec6ca8a9030aa53e31a3150,5204a2af2364cd5f8cf8c567f5782ec896fef3d4,37e4296b93b4192b25560afcb6469e47fcdb7223cd065f408c979b1f6681e13e,d7b389c4d41356ed99336b6d76d3dae328bda23d52a4a20f6c29c15846a2d437,1f5486aeec5c4159dd175bd1b87e6d33269f2f14,1.4.2,4.13.12,bun:sqlite,1.4.2,3.53.2,1,900,380,540,144000,143999,143999,143999,899.99375,0,0,0,0,8.098100000000006,0.362,0.341,373.06614869088685,30920120.237731934,35290552.23773193,0.0,1.0,1.0,0.9992244543328374,False,pass,
8ed388e7-76a5-4efe-9f4c-2a7b07ee0d0a,bun,hono,valid,sha256:b6eb7fb56cf440fd6f3e50c65d0e844e4f70eef6bec6ca8a9030aa53e31a3150,5204a2af2364cd5f8cf8c567f5782ec896fef3d4,37e4296b93b4192b25560afcb6469e47fcdb7223cd065f408c979b1f6681e13e,d7b389c4d41356ed99336b6d76d3dae328bda23d52a4a20f6c29c15846a2d437,1f5486aeec5c4159dd175bd1b87e6d33269f2f14,1.4.2,4.13.12,bun:sqlite,1.4.2,3.53.2,1,1200,560,720,192000,191999,191999,191999,1199.99375,0,0,0,0,7.690100000000006,0.35,0.33,454.7298848118897,31463936.519732665,35834368.51973267,0.0,1.0,1.0,0.9992244543328374,False,pass,
8ed388e7-76a5-4efe-9f4c-2a7b07ee0d0a,bun,hono,valid,sha256:b6eb7fb56cf440fd6f3e50c65d0e844e4f70eef6bec6ca8a9030aa53e31a3150,5204a2af2364cd5f8cf8c567f5782ec896fef3d4,37e4296b93b4192b25560afcb6469e47fcdb7223cd065f408c979b1f6681e13e,d7b389c4d41356ed99336b6d76d3dae328bda23d52a4a20f6c29c15846a2d437,1f5486aeec5c4159dd175bd1b87e6d33269f2f14,1.4.2,4.13.12,bun:sqlite,1.4.2,3.53.2,1,1500,740,900,240000,240000,240000,240000,1500.0,0,0,0,0,7.83,0.335,0.317,507.7411287218803,31735344.354406737,36105776.35440674,0.044448,1.0,1.0,0.9992244543328374,False,pass,
fb8d863c-2dde-4253-bf65-d25df11f3294,rust,actix,valid,sha256:710d4b67bb155ac2a04282b888e9503b60a29d6d4cdcab0b70bc06e1fb55ba48,5204a2af2364cd5f8cf8c567f5782ec896fef3d4,37e4296b93b4192b25560afcb6469e47fcdb7223cd065f408c979b1f6681e13e,d7b389c4d41356ed99336b6d76d3dae328bda23d52a4a20f6c29c15846a2d437,1f5486aeec5c4159dd175bd1b87e6d33269f2f14,local_artifact,4.15.0,rusqlite,0.40.2,3.53.2,1,300,20,180,48000,47999,47999,47999,299.99375,0,0,0,0,8.448299999999996,0.637,0.615,199.13258859109607,36563056.70074463,40933557.65946655,0.0,1.0,1.0,0.9989349866589718,False,pass,
fb8d863c-2dde-4253-bf65-d25df11f3294,rust,actix,valid,sha256:710d4b67bb155ac2a04282b888e9503b60a29d6d4cdcab0b70bc06e1fb55ba48,5204a2af2364cd5f8cf8c567f5782ec896fef3d4,37e4296b93b4192b25560afcb6469e47fcdb7223cd065f408c979b1f6681e13e,d7b389c4d41356ed99336b6d76d3dae328bda23d52a4a20f6c29c15846a2d437,1f5486aeec5c4159dd175bd1b87e6d33269f2f14,local_artifact,4.15.0,rusqlite,0.40.2,3.53.2,1,600,200,360,96000,95998,95998,95998,599.9875,0,0,0,0,14.447,1.787,1.771,313.3051339981306,73824315.56029053,78214287.21829835,0.0,1.0,1.0,0.9989349866589718,False,pass,
fb8d863c-2dde-4253-bf65-d25df11f3294,rust,actix,valid,sha256:710d4b67bb155ac2a04282b888e9503b60a29d6d4cdcab0b70bc06e1fb55ba48,5204a2af2364cd5f8cf8c567f5782ec896fef3d4,37e4296b93b4192b25560afcb6469e47fcdb7223cd065f408c979b1f6681e13e,d7b389c4d41356ed99336b6d76d3dae328bda23d52a4a20f6c29c15846a2d437,1f5486aeec5c4159dd175bd1b87e6d33269f2f14,local_artifact,4.15.0,rusqlite,0.40.2,3.53.2,1,900,380,540,144000,143998,143998,143998,899.9875,0,0,0,0,7.56,0.643,0.625,371.5149033028637,80245902.0100708,84636814.0100708,0.0,1.0,1.0,0.9989349866589718,False,pass,
fb8d863c-2dde-4253-bf65-d25df11f3294,rust,actix,valid,sha256:710d4b67bb155ac2a04282b888e9503b60a29d6d4cdcab0b70bc06e1fb55ba48,5204a2af2364cd5f8cf8c567f5782ec896fef3d4,37e4296b93b4192b25560afcb6469e47fcdb7223cd065f408c979b1f6681e13e,d7b389c4d41356ed99336b6d76d3dae328bda23d52a4a20f6c29c15846a2d437,1f5486aeec5c4159dd175bd1b87e6d33269f2f14,local_artifact,4.15.0,rusqlite,0.40.2,3.53.2,1,1200,560,720,192000,191997,191997,191997,1199.98125,0,0,0,0,8.031,0.715,0.699,450.39223845608495,81260541.01213379,85651453.01213379,0.0,1.0,1.0,0.9989349866589718,False,pass,
fb8d863c-2dde-4253-bf65-d25df11f3294,rust,actix,valid,sha256:710d4b67bb155ac2a04282b888e9503b60a29d6d4cdcab0b70bc06e1fb55ba48,5204a2af2364cd5f8cf8c567f5782ec896fef3d4,37e4296b93b4192b25560afcb6469e47fcdb7223cd065f408c979b1f6681e13e,d7b389c4d41356ed99336b6d76d3dae328bda23d52a4a20f6c29c15846a2d437,1f5486aeec5c4159dd175bd1b87e6d33269f2f14,local_artifact,4.15.0,rusqlite,0.40.2,3.53.2,1,1500,740,900,240000,239996,239996,239996,1499.975,0,0,0,0,8.131,0.758,0.742,517.9263754271705,82162399.13016967,86553311.13016967,0.0,1.0,1.0,0.9989349866589718,False,pass,
1b17b8a5-bd3f-41e4-b550-e448e77ebfea,elixir,phoenix,invalid,sha256:024c304e14fea81a3725089401e01cb6b6bdf9b9f75ebde9b61b5a23bfec71f5,5204a2af2364cd5f8cf8c567f5782ec896fef3d4,37e4296b93b4192b25560afcb6469e47fcdb7223cd065f408c979b1f6681e13e,d7b389c4d41356ed99336b6d76d3dae328bda23d52a4a20f6c29c15846a2d437,1f5486aeec5c4159dd175bd1b87e6d33269f2f14,1.20.4,1.8.15,exqlite,0.42.0,3.53.4,1,300,20,180,48000,47999,47999,47999,299.99375,0,0,0,0,56.6493,24.214399999999994,24.092,989.3649910986566,409972083.902417,414342580.919989,113.41267406256299,0.7682411050796509,1.0,0.999668885338296,False,pass,
1b17b8a5-bd3f-41e4-b550-e448e77ebfea,elixir,phoenix,invalid,sha256:024c304e14fea81a3725089401e01cb6b6bdf9b9f75ebde9b61b5a23bfec71f5,5204a2af2364cd5f8cf8c567f5782ec896fef3d4,37e4296b93b4192b25560afcb6469e47fcdb7223cd065f408c979b1f6681e13e,d7b389c4d41356ed99336b6d76d3dae328bda23d52a4a20f6c29c15846a2d437,1f5486aeec5c4159dd175bd1b87e6d33269f2f14,1.20.4,1.8.15,exqlite,0.42.0,3.53.4,1,600,200,360,96000,95999,95999,0,0.0,0,95999,0,95999,1996.99,,,988.6570386821732,306095043.86811525,310484408.91186523,120.11443034163369,0.7682411050796509,1.0,0.999668885338296,False,fail,goodput;http_errors;latency
1b17b8a5-bd3f-41e4-b550-e448e77ebfea,elixir,phoenix,invalid,sha256:024c304e14fea81a3725089401e01cb6b6bdf9b9f75ebde9b61b5a23bfec71f5,5204a2af2364cd5f8cf8c567f5782ec896fef3d4,37e4296b93b4192b25560afcb6469e47fcdb7223cd065f408c979b1f6681e13e,d7b389c4d41356ed99336b6d76d3dae328bda23d52a4a20f6c29c15846a2d437,1f5486aeec5c4159dd175bd1b87e6d33269f2f14,1.20.4,1.8.15,exqlite,0.42.0,3.53.4,1,900,380,540,144000,143998,143998,0,0.0,0,143998,0,143998,1996.31015,,,992.8280210065825,352628940.9930847,357019852.9930847,69.93787372382977,0.7682411050796509,1.0,0.999668885338296,False,fail,goodput;http_errors;latency
1b17b8a5-bd3f-41e4-b550-e448e77ebfea,elixir,phoenix,invalid,sha256:024c304e14fea81a3725089401e01cb6b6bdf9b9f75ebde9b61b5a23bfec71f5,5204a2af2364cd5f8cf8c567f5782ec896fef3d4,37e4296b93b4192b25560afcb6469e47fcdb7223cd065f408c979b1f6681e13e,d7b389c4d41356ed99336b6d76d3dae328bda23d52a4a20f6c29c15846a2d437,1f5486aeec5c4159dd175bd1b87e6d33269f2f14,1.20.4,1.8.15,exqlite,0.42.0,3.53.4,1,1200,560,720,192000,191997,191997,631,3.94375,0,191366,0,191366,1996.128,1468.4915,1468.4625,995.1008764983901,495234406.4358638,499445519.6145275,44.647615503340845,0.7682411050796509,0.8213562160730362,0.999668885338296,False,fail,goodput;http_errors;latency
1b17b8a5-bd3f-41e4-b550-e448e77ebfea,elixir,phoenix,invalid,sha256:024c304e14fea81a3725089401e01cb6b6bdf9b9f75ebde9b61b5a23bfec71f5,5204a2af2364cd5f8cf8c567f5782ec896fef3d4,37e4296b93b4192b25560afcb6469e47fcdb7223cd065f408c979b1f6681e13e,d7b389c4d41356ed99336b6d76d3dae328bda23d52a4a20f6c29c15846a2d437,1f5486aeec5c4159dd175bd1b87e6d33269f2f14,1.20.4,1.8.15,exqlite,0.42.0,3.53.4,1,1500,740,900,240000,98658,98658,2102,13.1375,44926,96556,0,96556,1995.29815,1564.636800000001,1564.473750000001,,,,,0.7682411050796509,0,0.999668885338296,False,fail,schedule_delivery;goodput;http_errors;latency
9058d011-bd6c-46b7-acad-8705255fd85c,go,fiber,valid,sha256:e962d30b8eb4ea59629daf39153a824b9d134da76f09e1874bca0caa05a0d3b6,5204a2af2364cd5f8cf8c567f5782ec896fef3d4,37e4296b93b4192b25560afcb6469e47fcdb7223cd065f408c979b1f6681e13e,d7b389c4d41356ed99336b6d76d3dae328bda23d52a4a20f6c29c15846a2d437,1f5486aeec5c4159dd175bd1b87e6d33269f2f14,1.27.1,3.5.0,modernc.org/sqlite,1.60.1,3.53.4,1,300,20,180,48000,48000,48000,48000,300.0,0,0,0,0,6.05,0.716,0.642,201.22555877725213,168412911.1237854,172783408.63638306,0.0,1.0,1.0,0.9993983093959055,False,pass,
9058d011-bd6c-46b7-acad-8705255fd85c,go,fiber,valid,sha256:e962d30b8eb4ea59629daf39153a824b9d134da76f09e1874bca0caa05a0d3b6,5204a2af2364cd5f8cf8c567f5782ec896fef3d4,37e4296b93b4192b25560afcb6469e47fcdb7223cd065f408c979b1f6681e13e,d7b389c4d41356ed99336b6d76d3dae328bda23d52a4a20f6c29c15846a2d437,1f5486aeec5c4159dd175bd1b87e6d33269f2f14,1.27.1,3.5.0,modernc.org/sqlite,1.60.1,3.53.4,1,600,200,360,96000,96000,96000,96000,600.0,0,0,0,0,6.999,0.683,0.614,360.03981040760584,178532506.93253174,182922564.02540284,0.0,1.0,1.0,0.9993983093959055,False,pass,
9058d011-bd6c-46b7-acad-8705255fd85c,go,fiber,valid,sha256:e962d30b8eb4ea59629daf39153a824b9d134da76f09e1874bca0caa05a0d3b6,5204a2af2364cd5f8cf8c567f5782ec896fef3d4,37e4296b93b4192b25560afcb6469e47fcdb7223cd065f408c979b1f6681e13e,d7b389c4d41356ed99336b6d76d3dae328bda23d52a4a20f6c29c15846a2d437,1f5486aeec5c4159dd175bd1b87e6d33269f2f14,1.27.1,3.5.0,modernc.org/sqlite,1.60.1,3.53.4,1,900,380,540,144000,143999,143999,143999,899.99375,0,0,0,0,8.067,0.672,0.605,494.5704160247231,179201932.54523316,183592844.54523316,0.0,1.0,1.0,0.9993983093959055,False,pass,
9058d011-bd6c-46b7-acad-8705255fd85c,go,fiber,valid,sha256:e962d30b8eb4ea59629daf39153a824b9d134da76f09e1874bca0caa05a0d3b6,5204a2af2364cd5f8cf8c567f5782ec896fef3d4,37e4296b93b4192b25560afcb6469e47fcdb7223cd065f408c979b1f6681e13e,d7b389c4d41356ed99336b6d76d3dae328bda23d52a4a20f6c29c15846a2d437,1f5486aeec5c4159dd175bd1b87e6d33269f2f14,1.27.1,3.5.0,modernc.org/sqlite,1.60.1,3.53.4,1,1200,560,720,192000,191999,191999,191999,1199.99375,0,0,0,0,8.133,0.664,0.598,618.2641993498894,180143338.0798645,184535358.83515015,0.0,1.0,1.0,0.9993983093959055,False,pass,
9058d011-bd6c-46b7-acad-8705255fd85c,go,fiber,valid,sha256:e962d30b8eb4ea59629daf39153a824b9d134da76f09e1874bca0caa05a0d3b6,5204a2af2364cd5f8cf8c567f5782ec896fef3d4,37e4296b93b4192b25560afcb6469e47fcdb7223cd065f408c979b1f6681e13e,d7b389c4d41356ed99336b6d76d3dae328bda23d52a4a20f6c29c15846a2d437,1f5486aeec5c4159dd175bd1b87e6d33269f2f14,1.27.1,3.5.0,modernc.org/sqlite,1.60.1,3.53.4,1,1500,740,900,240000,239999,239999,239999,1499.99375,0,0,0,0,9.950100000000004,0.647,0.583,691.238122791463,180807320.69810182,185202328.69810182,0.0,1.0,1.0,0.9993983093959055,False,pass,
caa2bbd7-21c7-4edb-9c4d-4af236051f95,node,nest,valid,sha256:f75119bfea0ccc9f8173e7c1b72edc09e6213035f872b611b3f4b089158e00ec,5204a2af2364cd5f8cf8c567f5782ec896fef3d4,37e4296b93b4192b25560afcb6469e47fcdb7223cd065f408c979b1f6681e13e,d7b389c4d41356ed99336b6d76d3dae328bda23d52a4a20f6c29c15846a2d437,1f5486aeec5c4159dd175bd1b87e6d33269f2f14,v24.21.0,local_artifact,local_artifact,v24.21.0,3.53.4,1,300,20,180,48000,48010,48010,48010,300.0625,0,0,0,0,8.276,0.538,0.49255000000000293,346.09073844110026,81791980.46599121,86162461.57941285,1.0000500000000003,1.0,1.0,0.9990322518226281,False,pass,
caa2bbd7-21c7-4edb-9c4d-4af236051f95,node,nest,valid,sha256:f75119bfea0ccc9f8173e7c1b72edc09e6213035f872b611b3f4b089158e00ec,5204a2af2364cd5f8cf8c567f5782ec896fef3d4,37e4296b93b4192b25560afcb6469e47fcdb7223cd065f408c979b1f6681e13e,d7b389c4d41356ed99336b6d76d3dae328bda23d52a4a20f6c29c15846a2d437,1f5486aeec5c4159dd175bd1b87e6d33269f2f14,v24.21.0,local_artifact,local_artifact,v24.21.0,3.53.4,1,600,200,360,96000,96001,96001,96001,600.00625,0,0,0,0,7.351,0.528,0.483,449.798783504951,105679909.27847901,110061374.40096435,2.1339499999999996,1.0,1.0,0.9990322518226281,False,pass,
caa2bbd7-21c7-4edb-9c4d-4af236051f95,node,nest,valid,sha256:f75119bfea0ccc9f8173e7c1b72edc09e6213035f872b611b3f4b089158e00ec,5204a2af2364cd5f8cf8c567f5782ec896fef3d4,37e4296b93b4192b25560afcb6469e47fcdb7223cd065f408c979b1f6681e13e,d7b389c4d41356ed99336b6d76d3dae328bda23d52a4a20f6c29c15846a2d437,1f5486aeec5c4159dd175bd1b87e6d33269f2f14,v24.21.0,local_artifact,local_artifact,v24.21.0,3.53.4,1,900,380,540,144000,144001,144001,144001,900.00625,0,0,0,0,7.83,0.428,0.39,505.773518502271,106799004.9038208,111185820.9038208,1.2537884836679494,1.0,1.0,0.9990322518226281,False,pass,
caa2bbd7-21c7-4edb-9c4d-4af236051f95,node,nest,valid,sha256:f75119bfea0ccc9f8173e7c1b72edc09e6213035f872b611b3f4b089158e00ec,5204a2af2364cd5f8cf8c567f5782ec896fef3d4,37e4296b93b4192b25560afcb6469e47fcdb7223cd065f408c979b1f6681e13e,d7b389c4d41356ed99336b6d76d3dae328bda23d52a4a20f6c29c15846a2d437,1f5486aeec5c4159dd175bd1b87e6d33269f2f14,v24.21.0,local_artifact,local_artifact,v24.21.0,3.53.4,1,1200,560,720,192000,192002,192002,192002,1200.0125,0,0,0,0,9.662950000000013,0.335,0.305,519.9907882824938,107287500.05946045,111677761.3260498,1.682226,1.0,1.0,0.9990322518226281,False,pass,
caa2bbd7-21c7-4edb-9c4d-4af236051f95,node,nest,valid,sha256:f75119bfea0ccc9f8173e7c1b72edc09e6213035f872b611b3f4b089158e00ec,5204a2af2364cd5f8cf8c567f5782ec896fef3d4,37e4296b93b4192b25560afcb6469e47fcdb7223cd065f408c979b1f6681e13e,d7b389c4d41356ed99336b6d76d3dae328bda23d52a4a20f6c29c15846a2d437,1f5486aeec5c4159dd175bd1b87e6d33269f2f14,v24.21.0,local_artifact,local_artifact,v24.21.0,3.53.4,1,1500,740,900,240000,239947,239947,239947,1499.66875,0,0,0,0,8.15,0.277,0.254,534.7031905751918,107403143.84013672,111794055.84013672,1.0672169999999996,1.0,1.0,0.9990322518226281,False,pass,
b2d3f557-de93-406d-b0b0-ebe39b60a0b9,bun,elysia,valid,sha256:b6eb7fb56cf440fd6f3e50c65d0e844e4f70eef6bec6ca8a9030aa53e31a3150,5204a2af2364cd5f8cf8c567f5782ec896fef3d4,37e4296b93b4192b25560afcb6469e47fcdb7223cd065f408c979b1f6681e13e,d7b389c4d41356ed99336b6d76d3dae328bda23d52a4a20f6c29c15846a2d437,1f5486aeec5c4159dd175bd1b87e6d33269f2f14,1.4.2,1.4.30,bun:sqlite,1.4.2,3.53.2,1,300,20,180,48000,48000,48000,48000,300.0,0,0,0,0,5.962050000000002,0.412,0.383,164.48895838793297,31018993.119403075,35385397.79631348,0.0,1.0,1.0,0.9995028404005026,True,pass,
b2d3f557-de93-406d-b0b0-ebe39b60a0b9,bun,elysia,valid,sha256:b6eb7fb56cf440fd6f3e50c65d0e844e4f70eef6bec6ca8a9030aa53e31a3150,5204a2af2364cd5f8cf8c567f5782ec896fef3d4,37e4296b93b4192b25560afcb6469e47fcdb7223cd065f408c979b1f6681e13e,d7b389c4d41356ed99336b6d76d3dae328bda23d52a4a20f6c29c15846a2d437,1f5486aeec5c4159dd175bd1b87e6d33269f2f14,1.4.2,1.4.30,bun:sqlite,1.4.2,3.53.2,1,600,200,360,96000,96001,96001,96001,600.00625,0,0,0,0,6.691,0.372,0.348,277.7349619536549,31086382.38180542,35456814.38180542,0.0,1.0,1.0,0.9995028404005026,True,pass,
b2d3f557-de93-406d-b0b0-ebe39b60a0b9,bun,elysia,valid,sha256:b6eb7fb56cf440fd6f3e50c65d0e844e4f70eef6bec6ca8a9030aa53e31a3150,5204a2af2364cd5f8cf8c567f5782ec896fef3d4,37e4296b93b4192b25560afcb6469e47fcdb7223cd065f408c979b1f6681e13e,d7b389c4d41356ed99336b6d76d3dae328bda23d52a4a20f6c29c15846a2d437,1f5486aeec5c4159dd175bd1b87e6d33269f2f14,1.4.2,1.4.30,bun:sqlite,1.4.2,3.53.2,1,900,380,540,144000,144001,144001,144001,900.00625,0,0,0,0,8.038,0.359,0.338,366.84683784043375,31144637.53098755,35515069.530987546,0.0,1.0,1.0,0.9995028404005026,True,pass,
b2d3f557-de93-406d-b0b0-ebe39b60a0b9,bun,elysia,valid,sha256:b6eb7fb56cf440fd6f3e50c65d0e844e4f70eef6bec6ca8a9030aa53e31a3150,5204a2af2364cd5f8cf8c567f5782ec896fef3d4,37e4296b93b4192b25560afcb6469e47fcdb7223cd065f408c979b1f6681e13e,d7b389c4d41356ed99336b6d76d3dae328bda23d52a4a20f6c29c15846a2d437,1f5486aeec5c4159dd175bd1b87e6d33269f2f14,1.4.2,1.4.30,bun:sqlite,1.4.2,3.53.2,1,1200,560,720,192000,192001,192001,192001,1200.00625,0,0,0,0,7.734,0.351,0.331,448.09615607286594,31702138.461138915,36072570.46113892,0.0,1.0,1.0,0.9995028404005026,True,pass,
b2d3f557-de93-406d-b0b0-ebe39b60a0b9,bun,elysia,valid,sha256:b6eb7fb56cf440fd6f3e50c65d0e844e4f70eef6bec6ca8a9030aa53e31a3150,5204a2af2364cd5f8cf8c567f5782ec896fef3d4,37e4296b93b4192b25560afcb6469e47fcdb7223cd065f408c979b1f6681e13e,d7b389c4d41356ed99336b6d76d3dae328bda23d52a4a20f6c29c15846a2d437,1f5486aeec5c4159dd175bd1b87e6d33269f2f14,1.4.2,1.4.30,bun:sqlite,1.4.2,3.53.2,1,1500,740,900,240000,239994,239994,239994,1499.9625,0,0,0,0,8.366,0.339,0.32,504.47156443282694,31954170.530236818,36324602.53023682,0.0,1.0,1.0,0.9995028404005026,True,pass,
6b37165f-54d6-4cd7-a83a-0e5fe87153b6,rust,rocket,valid,sha256:710d4b67bb155ac2a04282b888e9503b60a29d6d4cdcab0b70bc06e1fb55ba48,5204a2af2364cd5f8cf8c567f5782ec896fef3d4,37e4296b93b4192b25560afcb6469e47fcdb7223cd065f408c979b1f6681e13e,d7b389c4d41356ed99336b6d76d3dae328bda23d52a4a20f6c29c15846a2d437,1f5486aeec5c4159dd175bd1b87e6d33269f2f14,local_artifact,0.5.1,rusqlite,0.40.2,3.53.2,1,300,20,180,48000,48000,48000,48000,300.0,0,0,0,0,6.138,0.619,0.588,187.48537534277526,71782614.31049804,76153113.66745606,0.0,1.0,1.0,0.9993723665191068,False,pass,
6b37165f-54d6-4cd7-a83a-0e5fe87153b6,rust,rocket,valid,sha256:710d4b67bb155ac2a04282b888e9503b60a29d6d4cdcab0b70bc06e1fb55ba48,5204a2af2364cd5f8cf8c567f5782ec896fef3d4,37e4296b93b4192b25560afcb6469e47fcdb7223cd065f408c979b1f6681e13e,d7b389c4d41356ed99336b6d76d3dae328bda23d52a4a20f6c29c15846a2d437,1f5486aeec5c4159dd175bd1b87e6d33269f2f14,local_artifact,0.5.1,rusqlite,0.40.2,3.53.2,1,600,200,360,96000,96000,96000,96000,600.0,0,0,0,0,7.5530500000000025,0.614,0.588,327.34224157649476,76327560.71291503,80717625.9307129,0.0,1.0,1.0,0.9993723665191068,False,pass,
6b37165f-54d6-4cd7-a83a-0e5fe87153b6,rust,rocket,valid,sha256:710d4b67bb155ac2a04282b888e9503b60a29d6d4cdcab0b70bc06e1fb55ba48,5204a2af2364cd5f8cf8c567f5782ec896fef3d4,37e4296b93b4192b25560afcb6469e47fcdb7223cd065f408c979b1f6681e13e,d7b389c4d41356ed99336b6d76d3dae328bda23d52a4a20f6c29c15846a2d437,1f5486aeec5c4159dd175bd1b87e6d33269f2f14,local_artifact,0.5.1,rusqlite,0.40.2,3.53.2,1,900,380,540,144000,144000,144000,144000,900.0,0,0,0,0,7.7,0.637,0.622,446.9358811730705,81362230.6645813,85753142.6645813,0.0,1.0,1.0,0.9993723665191068,False,pass,
6b37165f-54d6-4cd7-a83a-0e5fe87153b6,rust,rocket,valid,sha256:710d4b67bb155ac2a04282b888e9503b60a29d6d4cdcab0b70bc06e1fb55ba48,5204a2af2364cd5f8cf8c567f5782ec896fef3d4,37e4296b93b4192b25560afcb6469e47fcdb7223cd065f408c979b1f6681e13e,d7b389c4d41356ed99336b6d76d3dae328bda23d52a4a20f6c29c15846a2d437,1f5486aeec5c4159dd175bd1b87e6d33269f2f14,local_artifact,0.5.1,rusqlite,0.40.2,3.53.2,1,1200,560,720,192000,192000,192000,192000,1200.0,0,0,0,0,8.107,0.709,0.694,541.4375596853107,81953320.41417846,86344232.41417846,0.0,1.0,1.0,0.9993723665191068,False,pass,
6b37165f-54d6-4cd7-a83a-0e5fe87153b6,rust,rocket,valid,sha256:710d4b67bb155ac2a04282b888e9503b60a29d6d4cdcab0b70bc06e1fb55ba48,5204a2af2364cd5f8cf8c567f5782ec896fef3d4,37e4296b93b4192b25560afcb6469e47fcdb7223cd065f408c979b1f6681e13e,d7b389c4d41356ed99336b6d76d3dae328bda23d52a4a20f6c29c15846a2d437,1f5486aeec5c4159dd175bd1b87e6d33269f2f14,local_artifact,0.5.1,rusqlite,0.40.2,3.53.2,1,1500,740,900,240000,239999,239999,239999,1499.99375,0,0,0,0,8.473,0.761,0.746,620.2974653498746,81732072.93834229,86127080.93834229,0.0,1.0,1.0,0.9993723665191068,False,pass,
