run_id,path,date,implementation,experiment,variant,repetition,target_rps,profile,workload,duration,warmup_duration,seed_count,preallocated_vus,max_vus,p95_threshold_ms,max_error_rate_threshold,sample_interval,k6_version,node_name,node_uid,resource_requests,resource_limits,image,image_id,actual_rps,requests,error_rate,check_failure_rate,dropped_iterations,p50_ms,p95_ms,p99_ms,operation_p95_ms,mean_cpu_millicores,max_cpu_millicores,max_sampled_working_set_mib,max_sampled_rss_mib,throttled_periods_percent,status,failure_reasons,restart_count,node_pressure,resource_coverage,collector_errors,cluster_after_pressure,restart_delta
20261002T161530.817035Z-go-sqlite-steady-300rps,results/http/followups/sqlite/20261002T161530.817035Z-go-sqlite-steady-300rps/result.json,1790957793.976099,go,sqlite,go stdlib sqlite,1,300,steady,mixed,2m,60s,5000,1000,2000,1000.0,0.01,5.0,"k6 v2.3.0 (commit/devel, go1.27.1, darwin/arm64)",jamooptiplex,5922259b-8d0c-482e-81c9-d53f1960b6c1,"{""cpu"": ""1"", ""memory"": ""512Mi""}","{""cpu"": ""1"", ""memory"": ""512Mi""}",sha256:189c1c75ddcf0c41580aa5f676c83216f4b05c9f60834cf2630d91e5730b1d33,ghcr.io/jamoowen/performance-http-go@sha256:ba967d25e90f7670f6bd1962ae3954f779d9f853c7c87d1e76160cafdea96129,299.9949160607125,36001,0,0,0,6.655,14.339,19.006,"{""batch"": 6.389, ""detail"": 6.393099999999999, ""list"": 12.045, ""quote"": 13.508, ""report"": 16.69335}",696.6598883283435,703.8533843578095,40.12109375,34.69140625,0.0,complete,,0,"{""DiskPressure"": ""False"", ""MemoryPressure"": ""False"", ""PIDPressure"": ""False""}","{'cpu_span_seconds': 96.533, 'measurement_seconds': 120.28445506095886}",,"{""DiskPressure"": ""False"", ""MemoryPressure"": ""False"", ""PIDPressure"": ""False""}",0
20261002T161852.367924Z-bun-sqlite-steady-300rps,results/http/followups/sqlite/20261002T161852.367924Z-bun-sqlite-steady-300rps/result.json,1790957995.676068,bun,sqlite,bun stdlib sqlite,1,300,steady,mixed,2m,60s,5000,1000,2000,1000.0,0.01,5.0,"k6 v2.3.0 (commit/devel, go1.27.1, darwin/arm64)",jamooptiplex,5922259b-8d0c-482e-81c9-d53f1960b6c1,"{""cpu"": ""1"", ""memory"": ""512Mi""}","{""cpu"": ""1"", ""memory"": ""512Mi""}",sha256:43e238d2896b4a14d0e7edd6ea3c1e613861070346ce066fafa3e4a45c8ed631,ghcr.io/jamoowen/performance-http-bun@sha256:788e790acc7962f7a857729b43d89cce7d1433d9f473b50e06448ca69dba25b6,299.980777599071,36001,0,0,0,5.36,12.654,27.672,"{""batch"": 6.151299999999999, ""detail"": 5.835149999999999, ""list"": 8.266, ""quote"": 13.301449999999997, ""report"": 15.917599999999997}",471.581612488368,484.6313357972545,20.4296875,15.39453125,0.0,complete,,0,"{""DiskPressure"": ""False"", ""MemoryPressure"": ""False"", ""PIDPressure"": ""False""}","{'cpu_span_seconds': 95.641, 'measurement_seconds': 120.31191492080688}",,"{""DiskPressure"": ""False"", ""MemoryPressure"": ""False"", ""PIDPressure"": ""False""}",0
20261002T162216.030818Z-rust-sqlite-steady-300rps,results/http/followups/sqlite/20261002T162216.030818Z-rust-sqlite-steady-300rps/result.json,1790958200.4536939,rust,sqlite,rust Axum sqlite,1,300,steady,mixed,2m,60s,5000,1000,2000,1000.0,0.01,5.0,"k6 v2.3.0 (commit/devel, go1.27.1, darwin/arm64)",jamooptiplex,5922259b-8d0c-482e-81c9-d53f1960b6c1,"{""cpu"": ""1"", ""memory"": ""512Mi""}","{""cpu"": ""1"", ""memory"": ""512Mi""}",sha256:148443c58b97bfdf0be4cc4885ec9afeeaaf38654889b6a487f114e95ab8ea2e,ghcr.io/jamoowen/performance-http-rust@sha256:744356be9f6f57fbe27f354057c9d9b31f9630dde623d7d0f6cffb61f0df143b,299.9858618923954,36001,0,0,0,5.946,13.168,17.045,"{""batch"": 6.1110999999999995, ""detail"": 5.982149999999999, ""list"": 8.881, ""quote"": 13.78705, ""report"": 16.701}",542.5945536600592,557.0045159469374,36.63671875,31.6484375,0.0,complete,,0,"{""DiskPressure"": ""False"", ""MemoryPressure"": ""False"", ""PIDPressure"": ""False""}","{'cpu_span_seconds': 97.717, 'measurement_seconds': 120.33718013763428}",,"{""DiskPressure"": ""False"", ""MemoryPressure"": ""False"", ""PIDPressure"": ""False""}",0
20261002T162539.330672Z-bun-sqlite-steady-600rps,results/http/followups/sqlite/20261002T162539.330672Z-bun-sqlite-steady-600rps/result.json,1790958403.698653,bun,sqlite,bun stdlib sqlite,1,600,steady,mixed,2m,60s,5000,1000,2000,1000.0,0.01,5.0,"k6 v2.3.0 (commit/devel, go1.27.1, darwin/arm64)",jamooptiplex,5922259b-8d0c-482e-81c9-d53f1960b6c1,"{""cpu"": ""1"", ""memory"": ""512Mi""}","{""cpu"": ""1"", ""memory"": ""512Mi""}",sha256:43e238d2896b4a14d0e7edd6ea3c1e613861070346ce066fafa3e4a45c8ed631,ghcr.io/jamoowen/performance-http-bun@sha256:788e790acc7962f7a857729b43d89cce7d1433d9f473b50e06448ca69dba25b6,599.9648208846987,72001,0,0,0,5.518,15.2,141.161,"{""batch"": 13.398499999999997, ""detail"": 11.449399999999994, ""list"": 13.93, ""quote"": 17.1331, ""report"": 17.249599999999987}",505.66094109232097,520.8624204572233,18.28515625,13.328125,0.0,complete,,0,"{""DiskPressure"": ""False"", ""MemoryPressure"": ""False"", ""PIDPressure"": ""False""}","{'cpu_span_seconds': 97.865, 'measurement_seconds': 120.33272099494934}",,"{""DiskPressure"": ""False"", ""MemoryPressure"": ""False"", ""PIDPressure"": ""False""}",0
20261002T162859.393401Z-rust-sqlite-steady-600rps,results/http/followups/sqlite/20261002T162859.393401Z-rust-sqlite-steady-600rps/result.json,1790958602.831938,rust,sqlite,rust Axum sqlite,1,600,steady,mixed,2m,60s,5000,1000,2000,1000.0,0.01,5.0,"k6 v2.3.0 (commit/devel, go1.27.1, darwin/arm64)",jamooptiplex,5922259b-8d0c-482e-81c9-d53f1960b6c1,"{""cpu"": ""1"", ""memory"": ""512Mi""}","{""cpu"": ""1"", ""memory"": ""512Mi""}",sha256:148443c58b97bfdf0be4cc4885ec9afeeaaf38654889b6a487f114e95ab8ea2e,ghcr.io/jamoowen/performance-http-rust@sha256:744356be9f6f57fbe27f354057c9d9b31f9630dde623d7d0f6cffb61f0df143b,599.9636010471786,72001,0,0,0,5.687,11.921,20.87,"{""batch"": 9.76605, ""detail"": 8.532149999999998, ""list"": 11.011, ""quote"": 17.287399999999995, ""report"": 13.993149999999998}",620.2432205943279,627.8186500769282,37.8203125,32.86328125,0.0,complete,,0,"{""DiskPressure"": ""False"", ""MemoryPressure"": ""False"", ""PIDPressure"": ""False""}","{'cpu_span_seconds': 106.204, 'measurement_seconds': 120.31562900543213}",,"{""DiskPressure"": ""False"", ""MemoryPressure"": ""False"", ""PIDPressure"": ""False""}",0
20261002T163221.978993Z-go-sqlite-steady-600rps,results/http/followups/sqlite/20261002T163221.978993Z-go-sqlite-steady-600rps/result.json,1790958805.6755881,go,sqlite,go stdlib sqlite,1,600,steady,mixed,2m,60s,5000,1000,2000,1000.0,0.01,5.0,"k6 v2.3.0 (commit/devel, go1.27.1, darwin/arm64)",jamooptiplex,5922259b-8d0c-482e-81c9-d53f1960b6c1,"{""cpu"": ""1"", ""memory"": ""512Mi""}","{""cpu"": ""1"", ""memory"": ""512Mi""}",sha256:189c1c75ddcf0c41580aa5f676c83216f4b05c9f60834cf2630d91e5730b1d33,ghcr.io/jamoowen/performance-http-go@sha256:ba967d25e90f7670f6bd1962ae3954f779d9f853c7c87d1e76160cafdea96129,599.9564171047065,72001,0,0,0,9.474,50.689,96.83,"{""batch"": 38.946349999999974, ""detail"": 38.408249999999974, ""list"": 60.574, ""quote"": 61.57749999999998, ""report"": 37.20505}",898.7555302144439,912.7686148451195,41.37890625,35.8828125,35.55555555555556,complete,,0,"{""DiskPressure"": ""False"", ""MemoryPressure"": ""False"", ""PIDPressure"": ""False""}","{'cpu_span_seconds': 103.477, 'measurement_seconds': 120.32398581504822}",,"{""DiskPressure"": ""False"", ""MemoryPressure"": ""False"", ""PIDPressure"": ""False""}",0
20261002T163545.277629Z-rust-sqlite-steady-600rps,results/http/followups/sqlite/20261002T163545.277629Z-rust-sqlite-steady-600rps/result.json,1790959008.5487208,rust,sqlite,rust Axum sqlite,2,600,steady,mixed,2m,60s,5000,1000,2000,1000.0,0.01,5.0,"k6 v2.3.0 (commit/devel, go1.27.1, darwin/arm64)",jamooptiplex,5922259b-8d0c-482e-81c9-d53f1960b6c1,"{""cpu"": ""1"", ""memory"": ""512Mi""}","{""cpu"": ""1"", ""memory"": ""512Mi""}",sha256:148443c58b97bfdf0be4cc4885ec9afeeaaf38654889b6a487f114e95ab8ea2e,ghcr.io/jamoowen/performance-http-rust@sha256:744356be9f6f57fbe27f354057c9d9b31f9630dde623d7d0f6cffb61f0df143b,599.9612802411458,72002,0,0,0,5.899,20.140749999999983,147.00682,"{""batch"": 14.6632, ""detail"": 14.298349999999994, ""list"": 16.462699999999995, ""quote"": 26.4592, ""report"": 18.7711}",611.3223254700558,618.9926680750591,37.46484375,32.27734375,0.0,complete,,0,"{""DiskPressure"": ""False"", ""MemoryPressure"": ""False"", ""PIDPressure"": ""False""}","{'cpu_span_seconds': 91.904, 'measurement_seconds': 120.3949282169342}",,"{""DiskPressure"": ""False"", ""MemoryPressure"": ""False"", ""PIDPressure"": ""False""}",0
20261002T163908.128086Z-go-sqlite-steady-600rps,results/http/followups/sqlite/20261002T163908.128086Z-go-sqlite-steady-600rps/result.json,1790959212.69565,go,sqlite,go stdlib sqlite,2,600,steady,mixed,2m,60s,5000,1000,2000,1000.0,0.01,5.0,"k6 v2.3.0 (commit/devel, go1.27.1, darwin/arm64)",jamooptiplex,5922259b-8d0c-482e-81c9-d53f1960b6c1,"{""cpu"": ""1"", ""memory"": ""512Mi""}","{""cpu"": ""1"", ""memory"": ""512Mi""}",sha256:189c1c75ddcf0c41580aa5f676c83216f4b05c9f60834cf2630d91e5730b1d33,ghcr.io/jamoowen/performance-http-go@sha256:ba967d25e90f7670f6bd1962ae3954f779d9f853c7c87d1e76160cafdea96129,599.3395153846278,72001,0,0,0,14.187,146.819,232.638,"{""batch"": 127.55479999999999, ""detail"": 127.77934999999998, ""list"": 163.807, ""quote"": 162.18425, ""report"": 122.85264999999994}",838.0081698107073,919.6426015387366,42.203125,36.27734375,28.169014084507044,complete,,0,"{""DiskPressure"": ""False"", ""MemoryPressure"": ""False"", ""PIDPressure"": ""False""}","{'cpu_span_seconds': 92.291, 'measurement_seconds': 120.46004986763}",,"{""DiskPressure"": ""False"", ""MemoryPressure"": ""False"", ""PIDPressure"": ""False""}",0
20261002T164229.474160Z-bun-sqlite-steady-600rps,results/http/followups/sqlite/20261002T164229.474160Z-bun-sqlite-steady-600rps/result.json,1790959412.8056362,bun,sqlite,bun stdlib sqlite,2,600,steady,mixed,2m,60s,5000,1000,2000,1000.0,0.01,5.0,"k6 v2.3.0 (commit/devel, go1.27.1, darwin/arm64)",jamooptiplex,5922259b-8d0c-482e-81c9-d53f1960b6c1,"{""cpu"": ""1"", ""memory"": ""512Mi""}","{""cpu"": ""1"", ""memory"": ""512Mi""}",sha256:43e238d2896b4a14d0e7edd6ea3c1e613861070346ce066fafa3e4a45c8ed631,ghcr.io/jamoowen/performance-http-bun@sha256:788e790acc7962f7a857729b43d89cce7d1433d9f473b50e06448ca69dba25b6,599.7571200656179,72001,0,0,0,5.879,97.979,207.42,"{""batch"": 97.19049999999999, ""detail"": 95.59554999999999, ""list"": 98.342, ""quote"": 100.55954999999999, ""report"": 98.48154999999998}",492.5929014325422,516.4533002311452,18.5234375,13.36328125,0.0,complete,,0,"{""DiskPressure"": ""False"", ""MemoryPressure"": ""False"", ""PIDPressure"": ""False""}","{'cpu_span_seconds': 88.863, 'measurement_seconds': 120.3703088760376}",,"{""DiskPressure"": ""False"", ""MemoryPressure"": ""False"", ""PIDPressure"": ""False""}",0
20261002T164553.403534Z-go-sqlite-steady-600rps,results/http/followups/sqlite/20261002T164553.403534Z-go-sqlite-steady-600rps/result.json,1790959616.8114629,go,sqlite,go stdlib sqlite,3,600,steady,mixed,2m,60s,5000,1000,2000,1000.0,0.01,5.0,"k6 v2.3.0 (commit/devel, go1.27.1, darwin/arm64)",jamooptiplex,5922259b-8d0c-482e-81c9-d53f1960b6c1,"{""cpu"": ""1"", ""memory"": ""512Mi""}","{""cpu"": ""1"", ""memory"": ""512Mi""}",sha256:189c1c75ddcf0c41580aa5f676c83216f4b05c9f60834cf2630d91e5730b1d33,ghcr.io/jamoowen/performance-http-go@sha256:ba967d25e90f7670f6bd1962ae3954f779d9f853c7c87d1e76160cafdea96129,599.9803956405724,72000,0,0,0,7.308,21.233699999999956,64.41507,"{""batch"": 16.748749999999998, ""detail"": 15.05705, ""list"": 25.35279999999998, ""quote"": 26.82809999999997, ""report"": 18.108699999999995}",827.0606500850533,850.5480811451646,42.35546875,36.73828125,5.422794117647059,complete,,0,"{""DiskPressure"": ""False"", ""MemoryPressure"": ""False"", ""PIDPressure"": ""False""}","{'cpu_span_seconds': 108.755, 'measurement_seconds': 120.30721402168274}",,"{""DiskPressure"": ""False"", ""MemoryPressure"": ""False"", ""PIDPressure"": ""False""}",0
20261002T164916.078623Z-bun-sqlite-steady-600rps,results/http/followups/sqlite/20261002T164916.078623Z-bun-sqlite-steady-600rps/result.json,1790959819.039664,bun,sqlite,bun stdlib sqlite,3,600,steady,mixed,2m,60s,5000,1000,2000,1000.0,0.01,5.0,"k6 v2.3.0 (commit/devel, go1.27.1, darwin/arm64)",jamooptiplex,5922259b-8d0c-482e-81c9-d53f1960b6c1,"{""cpu"": ""1"", ""memory"": ""512Mi""}","{""cpu"": ""1"", ""memory"": ""512Mi""}",sha256:43e238d2896b4a14d0e7edd6ea3c1e613861070346ce066fafa3e4a45c8ed631,ghcr.io/jamoowen/performance-http-bun@sha256:788e790acc7962f7a857729b43d89cce7d1433d9f473b50e06448ca69dba25b6,599.9792793367315,72001,0,0,0,6.602,94.061,101.762,"{""batch"": 93.7773, ""detail"": 92.39829999999999, ""list"": 94.483, ""quote"": 96.95329999999998, ""report"": 94.72804999999998}",487.0239407525869,518.1805631814267,18.4375,13.4140625,0.0,complete,,0,"{""DiskPressure"": ""False"", ""MemoryPressure"": ""False"", ""PIDPressure"": ""False""}","{'cpu_span_seconds': 105.051, 'measurement_seconds': 120.41219806671143}",,"{""DiskPressure"": ""False"", ""MemoryPressure"": ""False"", ""PIDPressure"": ""False""}",0
20261002T165236.323394Z-rust-sqlite-steady-600rps,results/http/followups/sqlite/20261002T165236.323394Z-rust-sqlite-steady-600rps/result.json,1790960019.8187048,rust,sqlite,rust Axum sqlite,3,600,steady,mixed,2m,60s,5000,1000,2000,1000.0,0.01,5.0,"k6 v2.3.0 (commit/devel, go1.27.1, darwin/arm64)",jamooptiplex,5922259b-8d0c-482e-81c9-d53f1960b6c1,"{""cpu"": ""1"", ""memory"": ""512Mi""}","{""cpu"": ""1"", ""memory"": ""512Mi""}",sha256:148443c58b97bfdf0be4cc4885ec9afeeaaf38654889b6a487f114e95ab8ea2e,ghcr.io/jamoowen/performance-http-rust@sha256:744356be9f6f57fbe27f354057c9d9b31f9630dde623d7d0f6cffb61f0df143b,599.8929989051856,72001,0,0,0,8.473,97.761,121.813,"{""batch"": 95.36014999999999, ""detail"": 94.65124999999999, ""list"": 96.678, ""quote"": 127.5232499999999, ""report"": 97.38555}",558.8025690922474,569.7074450852072,37.54296875,32.609375,0.6048387096774194,complete,,0,"{""DiskPressure"": ""False"", ""MemoryPressure"": ""False"", ""PIDPressure"": ""False""}","{'cpu_span_seconds': 99.179, 'measurement_seconds': 120.40962815284729}",,"{""DiskPressure"": ""False"", ""MemoryPressure"": ""False"", ""PIDPressure"": ""False""}",0
20261002T165557.382688Z-rust-sqlite-steady-900rps,results/http/followups/sqlite/20261002T165557.382688Z-rust-sqlite-steady-900rps/result.json,1790960222.763523,rust,sqlite,rust Axum sqlite,1,900,steady,mixed,2m,60s,5000,1000,2000,1000.0,0.01,5.0,"k6 v2.3.0 (commit/devel, go1.27.1, darwin/arm64)",jamooptiplex,5922259b-8d0c-482e-81c9-d53f1960b6c1,"{""cpu"": ""1"", ""memory"": ""512Mi""}","{""cpu"": ""1"", ""memory"": ""512Mi""}",sha256:148443c58b97bfdf0be4cc4885ec9afeeaaf38654889b6a487f114e95ab8ea2e,ghcr.io/jamoowen/performance-http-rust@sha256:744356be9f6f57fbe27f354057c9d9b31f9630dde623d7d0f6cffb61f0df143b,899.8173895592672,108000,0,0,0,9.711,106.03434999999998,146.25529999999998,"{""batch"": 102.27809999999998, ""detail"": 101.43305000000001, ""list"": 103.3421, ""quote"": 153.65884999999997, ""report"": 103.75529999999999}",643.3160990658114,657.256335440644,37.8359375,33.1015625,6.974716652136007,complete,,0,"{""DiskPressure"": ""False"", ""MemoryPressure"": ""False"", ""PIDPressure"": ""False""}","{'cpu_span_seconds': 114.752, 'measurement_seconds': 120.32816576957703}",,"{""DiskPressure"": ""False"", ""MemoryPressure"": ""False"", ""PIDPressure"": ""False""}",0
20261002T165920.173457Z-go-sqlite-steady-900rps,results/http/followups/sqlite/20261002T165920.173457Z-go-sqlite-steady-900rps/result.json,1790960424.048938,go,sqlite,go stdlib sqlite,1,900,steady,mixed,2m,60s,5000,1000,2000,1000.0,0.01,5.0,"k6 v2.3.0 (commit/devel, go1.27.1, darwin/arm64)",jamooptiplex,5922259b-8d0c-482e-81c9-d53f1960b6c1,"{""cpu"": ""1"", ""memory"": ""512Mi""}","{""cpu"": ""1"", ""memory"": ""512Mi""}",sha256:189c1c75ddcf0c41580aa5f676c83216f4b05c9f60834cf2630d91e5730b1d33,ghcr.io/jamoowen/performance-http-go@sha256:ba967d25e90f7670f6bd1962ae3954f779d9f853c7c87d1e76160cafdea96129,899.4973813416738,108001,0,0,0,40.314,216.473,324.7,"{""batch"": 184.77514999999997, ""detail"": 177.1437, ""list"": 243.217, ""quote"": 239.97064999999995, ""report"": 182.22164999999998}",842.8557586871855,874.3252292376212,43.41796875,38.07421875,27.032136105860115,complete,,0,"{""DiskPressure"": ""False"", ""MemoryPressure"": ""False"", ""PIDPressure"": ""False""}","{'cpu_span_seconds': 105.788, 'measurement_seconds': 120.34594202041626}",,"{""DiskPressure"": ""False"", ""MemoryPressure"": ""False"", ""PIDPressure"": ""False""}",0
20261002T170241.413256Z-bun-sqlite-steady-900rps,results/http/followups/sqlite/20261002T170241.413256Z-bun-sqlite-steady-900rps/result.json,1790960624.866312,bun,sqlite,bun stdlib sqlite,1,900,steady,mixed,2m,60s,5000,1000,2000,1000.0,0.01,5.0,"k6 v2.3.0 (commit/devel, go1.27.1, darwin/arm64)",jamooptiplex,5922259b-8d0c-482e-81c9-d53f1960b6c1,"{""cpu"": ""1"", ""memory"": ""512Mi""}","{""cpu"": ""1"", ""memory"": ""512Mi""}",sha256:43e238d2896b4a14d0e7edd6ea3c1e613861070346ce066fafa3e4a45c8ed631,ghcr.io/jamoowen/performance-http-bun@sha256:788e790acc7962f7a857729b43d89cce7d1433d9f473b50e06448ca69dba25b6,899.7025694151175,108001,0,0,0,8.722,101.5,108.816,"{""batch"": 101.48469999999999, ""detail"": 99.5951, ""list"": 101.627, ""quote"": 103.96374999999998, ""report"": 102.3261}",554.5815760482777,565.9453683101068,19.08203125,14.04296875,0.09746588693957114,complete,,0,"{""DiskPressure"": ""False"", ""MemoryPressure"": ""False"", ""PIDPressure"": ""False""}","{'cpu_span_seconds': 102.573, 'measurement_seconds': 120.32410311698914}",,"{""DiskPressure"": ""False"", ""MemoryPressure"": ""False"", ""PIDPressure"": ""False""}",0
