runtime,framework,capture_validity,target_rps,complete,overload,client_p95_ms,service_p95_ms,db_p95_ms,goodput_rps,completed,successful,http_errors,validation_errors,dropped,pod_cpu_millicores,pod_working_set_mib,pod_cfs_period_ratio
go,nethttp,valid,300,True,False,7.244,0.724,0.652,300.0,22500,22500,0,0,0,212.54033353632164,55.04990400724113,0.0
go,nethttp,valid,600,True,False,7.142,0.697,0.63,600.0,45000,45000,0,0,0,389.8203243254404,55.370186372337244,0.0
go,nethttp,valid,900,True,False,7.943050000000002,0.679,0.613,900.0,67500,67500,0,0,0,521.4866985646519,55.87099662739784,0.0
go,nethttp,valid,1200,True,False,8.460100000000006,0.674,0.608,1199.9866666666667,89999,89999,0,0,0,657.683912760761,56.11432374954224,0.0
go,nethttp,valid,1500,True,False,8.832,0.53,0.474,1499.9866666666667,112499,112499,0,0,0,577.2148093842773,56.15570773986479,0.0
go,nethttp,valid,1875,True,False,9.776,0.584,0.522,1874.9866666666667,140624,140624,0,0,0,676.5806400096567,56.25974144677321,0.0
go,nethttp,valid,2344,True,False,13.239200000000013,0.517,0.46,2343.9866666666667,175799,175799,0,0,0,668.0610815234835,56.87589157211284,0.0
go,nethttp,valid,2930,True,False,12.291600000000006,0.273,0.245,2929.9866666666667,219749,219749,0,0,0,561.9889580255993,56.82271899272998,0.0
go,nethttp,valid,3663,True,False,43.85330000000016,0.308,0.273,3661.76,274632,274632,0,0,91,663.7372887166684,57.09149868330608,0.0
go,nethttp,valid,4579,True,False,25.899900000000024,0.276,0.246,4578.973333333333,343423,343423,0,0,0,746.6539028576593,57.192282103300094,0.0
go,nethttp,valid,5724,True,False,24.214,0.203,0.183,5723.946666666667,429296,429296,0,0,0,815.0842543316533,57.118459531751775,0.001336894421157064
go,nethttp,valid,7155,True,False,136.24,0.211,0.188,7106.346666666666,532976,532976,0,0,3646,934.2351380195515,59.61394484420617,0.09075386902571692
go,nethttp,valid,8944,True,True,168.52265000000003,51.35330000000005,51.34430000000005,7844.906666666667,588368,588368,0,0,82429,978.913221352634,62.55655087883274,0.1984472032161062
go,chi,valid,300,True,False,6.1160999999999985,0.725,0.652,299.9866666666667,22499,22499,0,0,0,218.089826525559,56.04066006706407,0.0
go,chi,valid,600,True,False,7.026,0.692,0.625,600.0,45000,45000,0,0,0,394.63934158397524,56.17096105446418,0.0
go,chi,valid,900,True,False,8.277,0.682,0.614,900.0,67500,67500,0,0,0,538.0992349012545,56.77889461711049,0.0
go,chi,valid,1200,True,False,20.06210000000012,0.64,0.575,1199.9866666666667,89999,89999,0,0,0,590.4469960536082,56.771205868485076,0.0
go,chi,valid,1500,True,False,8.92,0.639,0.575,1499.9866666666667,112499,112499,0,0,0,705.3855768695485,56.91923396196216,0.0
go,chi,valid,1875,True,False,10.031799999999988,0.576,0.514,1875.0,140625,140625,0,0,0,673.244596770715,57.204423922213415,0.0
go,chi,valid,2344,True,False,10.226,0.508,0.451,2343.9866666666667,175799,175799,0,0,0,678.5115049808825,57.323435413253804,0.0
go,chi,valid,2930,True,False,13.268,0.436,0.386,2929.9866666666667,219749,219749,0,0,0,682.9798272008014,57.373069629731276,0.0
go,chi,valid,3663,True,False,17.333,0.352,0.312,3662.9866666666667,274724,274724,0,0,0,713.3607408707705,57.64997740857303,0.0
go,chi,valid,4579,True,False,20.771,0.26,0.232,4578.973333333333,343423,343423,0,0,0,751.5626511585513,57.76414430331439,0.0
go,chi,valid,5724,True,False,13.196150000000022,0.189,0.171,5723.973333333333,429298,429298,0,0,0,769.0592484678549,57.74595044774314,0.0
go,chi,valid,7155,True,True,169.705,0.325,0.297,7012.546666666667,525941,525941,0,0,10682,951.5922196197496,60.46586728299658,0.12232840821597141
go,fiber,valid,300,True,False,6.003,0.713,0.641,300.0,22500,22500,0,0,0,198.06237694203665,57.63841748562952,0.0
go,fiber,valid,600,True,False,6.903,0.681,0.611,600.0133333333333,45001,45001,0,0,0,352.42396074143306,58.99994887263824,0.0
go,fiber,valid,900,True,False,12.757,0.669,0.601,900.0133333333333,67501,67501,0,0,0,476.4962694042856,59.16816151689738,0.0
go,fiber,valid,1200,True,False,8.101,0.659,0.592,1200.0133333333333,90001,90001,0,0,0,601.4732318085717,59.43407235852132,0.0
go,fiber,valid,1500,True,False,8.321,0.624,0.56,1500.0133333333333,112501,112501,0,0,0,637.7241354518089,59.850691494941714,0.0
go,fiber,valid,1875,True,False,8.028,0.469,0.419,1875.0133333333333,140626,140626,0,0,0,579.5100662778722,59.85913651016851,0.0
go,fiber,valid,2344,True,False,8.058,0.368,0.329,2343.8133333333335,175786,175786,0,0,0,560.908105955056,59.96135297194123,0.0
go,fiber,valid,2930,True,False,8.153,0.302,0.271,2930.0,219750,219750,0,0,0,561.9779634949908,60.00986104027679,0.0
go,fiber,valid,3663,True,False,16.224700000000013,0.407,0.359,3662.9866666666667,274724,274724,0,0,0,667.3066241814122,60.53936803316076,0.0013351579307209578
go,fiber,valid,4579,True,False,10.334900000000024,0.202,0.182,4578.973333333333,343423,343423,0,0,0,598.1671735343979,59.60295207927624,0.0013323064914467814
go,fiber,valid,5724,True,False,32.0345,0.257,0.229,5692.68,426951,426951,0,0,2348,766.9486462768938,59.95806670786192,0.0
go,fiber,valid,7155,True,False,21.152900000000024,0.2,0.18,7154.973333333333,536623,536623,0,0,0,845.744104992344,60.81480173120896,0.008019113374539493
go,fiber,valid,8944,True,True,142.429,112.113,112.095,8563.453333333333,642259,642259,0,0,28539,975.9037328464877,63.09043055279801,0.3214822112173176
node,express,valid,300,True,False,8.682600000000003,0.569,0.517,299.96,22497,22497,0,0,0,243.28364133020435,61.04255547216783,0.00400953726356388
node,express,valid,600,True,False,7.586199999999997,0.525,0.48,599.9866666666667,44999,44999,0,0,0,406.4182710314224,62.74591976895928,0.002673567301738776
node,express,valid,900,True,False,12.749099999999999,0.479,0.438,899.9866666666667,67499,67499,0,0,0,485.077622126254,62.91448343835771,0.001333927926448723
node,express,valid,1200,True,False,8.636,0.356,0.325,1199.9866666666667,89999,89999,0,0,0,500.40172275140503,63.10692285766204,0.006668868081641255
node,express,valid,1500,True,False,19.287,0.303,0.275,1499.9866666666667,112499,112499,0,0,0,506.6524575524237,63.046443293479584,0.004011583867611892
node,express,valid,1875,True,False,20.289850000000005,0.249,0.228,1874.9866666666667,140624,140624,0,0,0,516.1085986934107,63.593862418619295,0.00666693360988728
node,express,valid,2344,True,False,20.786,0.2,0.183,2343.9866666666667,175799,175799,0,0,0,520.9069016171113,63.74093792288254,0.0066768807337186705
node,express,valid,2930,True,False,16.346,0.167,0.153,2929.9733333333334,219748,219748,0,0,0,555.8191812500511,63.95403559327126,0.0
node,express,valid,3663,True,False,22.743950000000012,0.151,0.139,3662.96,274722,274722,0,0,0,645.73923206141,64.42916660678884,0.010658486291730355
node,express,valid,4579,True,False,22.318,0.149,0.137,4578.946666666667,343421,343421,0,0,0,771.7372802285694,66.17331710557143,0.04312469805826757
node,express,valid,5724,True,False,90.13024999999999,0.149,0.137,5723.946666666667,429296,429296,0,0,0,937.0198500987651,67.65450052369386,0.14361241642261546
node,express,valid,7155,True,True,260.0616,0.144,0.132,6337.986666666667,475349,475349,0,0,61271,977.9871608587632,71.02284386161715,0.3105525444630032
node,nest,valid,300,True,False,6.234049999999999,0.565,0.515,300.0,22500,22500,0,0,0,267.16636648045886,65.87699244491756,0.005343391091435119
node,nest,valid,600,True,False,7.301,0.52,0.476,600.0,45000,45000,0,0,0,440.74404594925096,67.39457948504636,0.006669815565025336
node,nest,valid,900,True,False,7.654,0.424,0.385,900.0,67500,67500,0,0,0,495.3586881325432,67.43232219086339,0.0066628527680489555
node,nest,valid,1200,True,False,8.613200000000012,0.33,0.301,1199.9866666666667,89999,89999,0,0,0,503.5979591135013,67.20719236896684,0.008009887451110137
node,nest,valid,1500,True,False,8.067,0.276,0.252,1500.0,112500,112500,0,0,0,518.4834934678292,67.30542558873694,0.00667471094731655
node,nest,valid,1875,True,False,32.80230000000022,0.228,0.208,1874.9866666666667,140624,140624,0,0,0,531.7691466519245,68.80567059606314,0.005342347015454845
node,nest,valid,2344,True,False,8.926049999999988,0.187,0.171,2344.0,175800,175800,0,0,0,555.823851679632,69.26156946944694,0.007996502682163079
node,nest,valid,2930,True,False,15.009,0.169,0.155,2929.9733333333334,219748,219748,0,0,0,643.8921701242646,69.25384557423492,0.019912187896419593
node,nest,valid,3663,True,False,8.994,0.147,0.135,3662.9866666666667,274724,274724,0,0,0,670.4462771022492,69.27930641868463,0.043368024640832364
node,nest,valid,4579,True,False,24.557849999999977,0.147,0.135,4578.986666666667,343424,343424,0,0,0,824.4564632757969,69.65703240183493,0.07985052629227507
node,nest,valid,5724,True,True,220.62090000000003,0.147,0.135,5558.706666666667,416903,416903,0,0,12322,978.3007407419245,73.6495276090006,0.36258946512912105
node,fastify,valid,300,True,False,11.595399999999994,0.575,0.52,299.9866666666667,22499,22499,0,0,0,222.76162122625527,62.164776845524706,0.002680193775877043
node,fastify,valid,600,True,False,7.016,0.527,0.481,600.0,45000,45000,0,0,0,378.4715756023652,63.44098956529051,0.005336391877036942
node,fastify,valid,900,True,False,7.995099999999999,0.501,0.45609999999999856,899.9866666666667,67499,67499,0,0,0,488.05329513732937,63.5921096025159,0.005336131666303884
node,fastify,valid,1200,True,False,8.671,0.384,0.348,1199.8533333333332,89989,89989,0,0,0,492.2517627972996,64.00892587516456,0.006682977141880115
node,fastify,valid,1500,True,False,7.856,0.334,0.303,1499.9733333333334,112498,112498,0,0,0,516.9053359085862,64.3387195924297,0.002667161411104881
node,fastify,valid,1875,True,False,7.7678500000000055,0.264,0.24,1874.9866666666667,140624,140624,0,0,0,512.9537459592751,65.09783861532807,0.0040046680795388844
node,fastify,valid,2344,True,False,8.528899999999995,0.224,0.204,2344.04,175803,175803,0,0,0,533.3282037323341,65.44350787164022,0.005348448517514315
node,fastify,valid,2930,True,False,10.321,0.184,0.167,2929.9733333333334,219748,219748,0,0,0,563.8147980223612,65.47475779210528,0.005327955641626664
node,fastify,valid,3663,True,False,35.78029999999987,0.154,0.141,3660.733333333333,274555,274555,0,0,168,604.2375966324679,66.213058093898,0.0013342928629927766
node,fastify,valid,4579,True,False,9.533900000000024,0.144,0.131,4578.973333333333,343423,343423,0,0,0,673.9282755299109,66.45815114433567,0.024089816808731575
node,fastify,valid,5724,True,False,19.436,0.144,0.132,5723.96,429297,429297,0,0,0,834.7994402343503,67.77312234811485,0.045400852011429425
node,fastify,valid,7155,True,True,175.78555,0.143,0.131,6834.0,512550,512550,0,0,24070,972.6565799034585,72.87336589222153,0.19205390140756068
bun,native,valid,300,True,False,6.013049999999999,0.41,0.382,300.0,22500,22500,0,0,0,159.3871822836364,18.906030764952302,0.0
bun,native,valid,600,True,False,6.9600500000000025,0.377,0.354,600.0,45000,45000,0,0,0,270.65400087805904,18.723260254288714,0.0
bun,native,valid,900,True,False,8.002050000000004,0.359,0.338,900.0,67500,67500,0,0,0,360.1475520651301,18.889723401715358,0.0
bun,native,valid,1200,True,False,7.949,0.353,0.333,1199.9866666666667,89999,89999,0,0,0,441.3000793523681,19.004100767175355,0.0
bun,native,valid,1500,True,False,8.013,0.339,0.32,1499.9866666666667,112499,112499,0,0,0,498.9208396563068,19.295883282696206,0.0
bun,native,valid,1875,True,False,7.958,0.281,0.265,1875.0266666666666,140627,140627,0,0,0,493.03464713309836,18.646406586579978,0.0
bun,native,valid,2344,True,False,8.295,0.234,0.221,2343.9866666666667,175799,175799,0,0,0,508.71784330734243,18.505149507994453,0.0
bun,native,valid,2930,True,False,38.49020000000001,0.201,0.19,2929.9866666666667,219749,219749,0,0,0,517.4686586083916,19.342348473966123,0.0
bun,native,valid,3663,True,False,84.46309999999994,0.183,0.172,3662.9733333333334,274723,274723,0,0,0,518.0878813503585,19.160824440891545,0.0
bun,native,valid,4579,True,False,11.346900000000023,0.146,0.138,4578.973333333333,343423,343423,0,0,0,563.0846224382254,19.146315683896344,0.0
bun,native,valid,5724,True,False,13.31,0.122,0.115,5723.96,429297,429297,0,0,0,616.1196088497484,19.357214513222377,0.0
bun,native,valid,7155,True,False,20.6585,0.109,0.103,7150.013333333333,536251,536251,0,0,370,697.6824833494729,20.04634166986992,0.0
bun,native,valid,8944,True,False,17.283,0.099,0.094,8943.933333333332,670795,670795,0,0,0,773.4010594597313,19.871600486089786,0.0
bun,native,valid,11180,True,True,118.238,0.106,0.1,10357.186666666666,776789,776789,0,0,61707,932.039119806053,23.37773544229567,0.033364913866219106
bun,hono,valid,300,True,False,5.85,0.41,0.382,300.0,22500,22500,0,0,0,163.6891424748545,21.39090427765002,0.0
bun,hono,valid,600,True,False,6.541050000000003,0.368,0.345,600.0,45000,45000,0,0,0,272.7864309989689,20.46096454977989,0.0
bun,hono,valid,900,True,False,7.166,0.359,0.337,900.0,67500,67500,0,0,0,370.825795970395,22.036667134736977,0.0
bun,hono,valid,1200,True,False,18.745050000000003,0.346,0.326,1200.0,90000,90000,0,0,0,436.9644867835287,21.602643155430755,0.0013336173525506125
bun,hono,valid,1500,True,False,7.769,0.33,0.31,1499.9866666666667,112499,112499,0,0,0,498.20104646215856,21.742277707072596,0.0
bun,hono,valid,1875,True,False,7.905850000000005,0.278,0.261,1874.9866666666667,140624,140624,0,0,0,506.4080415879706,21.382198941012224,0.0013338026449466096
bun,hono,valid,2344,True,False,7.927,0.237,0.223,2343.9866666666667,175799,175799,0,0,0,518.8454168706639,20.895749133490025,0.00033746172907460966
bun,hono,valid,2930,True,False,8.21,0.208,0.196,2929.9866666666667,219749,219749,0,0,0,544.9915285491094,22.07794412607948,0.0
bun,hono,valid,3663,True,False,8.837,0.195,0.182,3662.5466666666666,274691,274691,0,0,0,571.3000330726146,21.921064454478522,0.001333733169223367
bun,hono,valid,4579,True,False,11.554,0.159,0.149,4578.986666666667,343424,343424,0,0,0,589.437293334803,21.479670188600817,0.001334659926878224
bun,hono,valid,5724,True,False,11.055099999999976,0.106,0.1,5723.986666666667,429299,429299,0,0,0,566.4752319595657,21.548288818908233,0.0013354757456628464
bun,hono,valid,7155,True,False,15.72,0.105,0.099,7154.986666666667,536624,536624,0,0,0,689.8008038424487,21.383391865814726,0.0026716108983531753
bun,hono,valid,8944,True,False,32.400999999999996,0.1,0.095,8879.613333333333,665971,665971,0,0,4828,795.8125611926466,22.228023309496542,0.003997683733758206
bun,hono,valid,11180,True,True,137.89999999999978,0.111,0.104,9915.96,743697,743697,0,0,94803,937.8856135274159,24.786420228146017,0.07569324696373288
bun,elysia,valid,300,True,False,6.163,0.405,0.377,300.0,22500,22500,0,0,0,158.83123118515493,22.24245648132016,0.0
bun,elysia,valid,600,True,False,6.627,0.373,0.35,599.9866666666667,44999,44999,0,0,0,271.30422137861115,21.620806428566574,0.0
bun,elysia,valid,900,True,False,7.179,0.359,0.337,899.9866666666667,67499,67499,0,0,0,362.4084668100521,21.649835978709163,0.0
bun,elysia,valid,1200,True,False,7.620100000000006,0.347,0.326,1199.9866666666667,89999,89999,0,0,0,437.8732808009078,21.271003310283024,0.0
bun,elysia,valid,1500,True,False,7.873,0.329,0.31,1499.9866666666667,112499,112499,0,0,0,487.11063982223897,21.939763616410396,0.0
bun,elysia,valid,1875,True,False,7.771,0.29,0.272,1874.9866666666667,140624,140624,0,0,0,512.7021408869776,22.0340071770673,0.0
bun,elysia,valid,2344,True,False,7.674,0.235,0.221,2343.9866666666667,175799,175799,0,0,0,510.6521587734266,21.43099403661986,0.0
bun,elysia,valid,2930,True,False,8.08,0.208,0.195,2929.9733333333334,219748,219748,0,0,0,542.9306957035201,21.974859387663503,0.0
bun,elysia,valid,3663,True,False,8.505,0.163,0.154,3662.96,274722,274722,0,0,0,530.0065739346161,21.702650378495456,0.0
bun,elysia,valid,4579,True,False,14.137150000000023,0.132,0.125,4578.906666666667,343418,343418,0,0,0,539.0322304887085,22.214795695990325,0.0
bun,elysia,valid,5724,True,False,24.746,0.117,0.11,5689.706666666667,426728,426728,0,0,2568,600.2028237731392,22.603891776204108,0.0
bun,elysia,valid,7155,True,False,16.312,0.105,0.099,7154.32,536574,536574,0,0,46,681.279930907394,22.08617540779213,0.0
bun,elysia,valid,8944,True,False,17.827,0.099,0.094,8943.92,670794,670794,0,0,0,783.1509823442894,22.39417341250926,0.0
bun,elysia,valid,11180,True,True,117.02205000000005,0.103,0.098,10530.4,789780,789780,0,0,48713,932.5809784262267,25.60678761874636,0.04408386080071244
rust,axum,valid,300,True,False,6.079099999999999,0.612,0.583,299.9866666666667,22499,22499,0,0,0,150.23885192255807,30.36486858960241,0.0
rust,axum,valid,600,True,False,6.887050000000002,0.595,0.569,600.0,45000,45000,0,0,0,268.3147402273338,35.41929891367754,0.0
rust,axum,valid,900,True,False,7.84,0.641,0.624,900.0,67500,67500,0,0,0,358.1229552639124,36.892696546415486,0.0
rust,axum,valid,1200,True,False,7.862,0.68,0.665,1200.0,90000,90000,0,0,0,433.4387369740188,37.51057874280959,0.0
rust,axum,valid,1500,True,False,8.4,0.77,0.752,1499.9866666666667,112499,112499,0,0,0,494.69350804162696,37.70452486564716,0.0
rust,axum,valid,1875,True,False,8.155,0.788,0.769,1874.9866666666667,140624,140624,0,0,0,564.2369611435547,37.79935753351698,0.0
rust,axum,valid,2344,True,False,8.168,0.861,0.845,2343.7066666666665,175778,175778,0,0,0,665.519857625066,37.80752733247976,0.0
rust,axum,valid,2930,True,False,8.127,0.851,0.836,2929.9733333333334,219748,219748,0,0,0,685.7202089677602,37.88651562331865,0.0
rust,axum,valid,3663,True,False,26.967299999999902,6.39,6.382,3662.9733333333334,274723,274723,0,0,0,795.781954294081,38.1133453703175,0.0928519191788256
rust,axum,valid,4579,True,False,11.438950000000013,2.425,2.414,4578.96,343422,343422,0,0,0,818.0994005150693,38.15073279323677,0.19888676342015568
rust,axum,valid,5724,True,False,11.998,2.402,2.392,5723.946666666667,429296,429296,0,0,0,810.1352141470093,38.18422140505165,0.17651143541068864
rust,axum,valid,7155,True,False,16.656,4.933,4.928,7154.933333333333,536620,536620,0,0,0,822.344489687324,38.46789494259904,0.17412576803132912
rust,axum,valid,8944,True,False,21.206400000000023,6.479,6.472,8943.906666666666,670793,670793,0,0,0,854.4152615537753,38.52881359854092,0.25811089974690515
rust,axum,valid,11180,True,False,67.53075000000001,5.574,5.568,11179.813333333334,838486,838486,0,0,4,859.9287031479395,39.236612931862474,0.1714238240641527
rust,axum,valid,13975,True,True,80.909,3.598,3.5963000000000465,13107.133333333333,983035,983035,0,0,65081,916.878578957049,42.36111226761093,0.13631758610067607
rust,actix,valid,300,True,False,6.014,0.613,0.5830499999999992,300.0,22500,22500,0,0,0,149.67012674154674,23.429778770953416,0.0
rust,actix,valid,600,True,False,7.0370500000000025,0.609,0.582,600.0,45000,45000,0,0,0,269.0660266224777,26.37570338497559,0.0
rust,actix,valid,900,True,False,7.280800000000003,0.625,0.605,900.0666666666667,67505,67505,0,0,0,363.3861340156051,27.346978422428172,0.0
rust,actix,valid,1200,True,False,7.687,0.675,0.659,1200.0,90000,90000,0,0,0,438.7175909434751,27.54816996525973,0.0
rust,actix,valid,1500,True,False,7.707,0.708,0.691,1500.0,112500,112500,0,0,0,501.4460705665466,27.536879588800172,0.0
rust,actix,valid,1875,True,False,7.781,0.773,0.755,1875.0,140625,140625,0,0,0,579.9544297361882,29.157343354249996,0.0
rust,actix,valid,2344,True,False,7.766,0.807,0.79,2343.9866666666667,175799,175799,0,0,0,648.5471315347005,29.876615171059967,0.0
rust,actix,valid,2930,True,False,9.000549999999988,1.008,0.993,2930.0,219750,219750,0,0,0,734.5108014828681,29.951025036486488,0.0
rust,actix,valid,3663,True,False,8.379799999999989,1.126,1.111,3663.0,274725,274725,0,0,0,830.9849944177712,30.618788243979214,0.10290279693594886
rust,actix,valid,4579,True,False,8.632,1.037,1.026,4578.76,343407,343407,0,0,0,765.6125557923918,30.74973606174191,0.03604183147202307
rust,actix,valid,5724,True,False,37.55495000000001,15.437950000000011,15.425,5717.893333333333,428842,428842,0,0,460,858.1187119747694,33.07645485299329,0.34718446095906047
rust,actix,valid,7155,True,False,23.87,10.37,10.358700000000011,7155.026666666667,536627,536627,0,0,0,870.2021402688904,35.88864970559875,0.36538960629842687
rust,actix,valid,8944,True,False,25.883900000000022,8.849,8.839,8944.04,670803,670803,0,0,0,831.4764964245597,36.18139367428919,0.20486450835716394
rust,actix,valid,11180,True,False,67.686,5.822,5.818,11166.026666666667,837452,837452,0,0,1053,829.1611489880019,37.54650097447137,0.06542240397117098
rust,actix,valid,13975,True,True,81.062,6.692599999999977,6.689,13042.786666666667,978209,978209,0,0,69922,907.4190047695577,40.38751299646994,0.1333062166894331
python,fastapi,valid,300,True,False,8.366,0.578,0.363,299.9866666666667,22499,22499,0,0,0,614.6769325259912,58.56335896226267,0.0013355174453797626
python,fastapi,valid,600,True,False,21.71450000000003,11.105250000000014,11.056900000000052,600.0,45000,45000,0,0,0,703.5344452006021,63.189727476611736,0.02667174262784341
python,fastapi,valid,900,True,False,84.28219999999997,40.955699999999986,40.909099999999995,899.9866666666667,67499,67499,0,0,0,812.2261041092084,67.31729776884119,0.13326716850427997
python,fastapi,valid,1200,True,True,1173.525,73.46600000000001,73.4124,1055.2666666666667,79145,79145,0,0,10855,999.8897910786296,82.60045953826358,0.9758374818407304
elixir,phoenix,valid,300,True,False,50.15039999999999,29.1481,29.045299999999997,300.0,22500,22500,0,0,0,985.7301823298247,238.10945243064313,0.9615643612856207
elixir,phoenix,valid,600,True,True,1997.375,1923.299,1923.28,7.48,38440,561,37879,0,6560,991.9661432211689,224.4855067625021,0.9672701211619323
